"행정구역별(1)","규모별(1)","시점",데이터
"전국","초소형(40㎡ 이하)","2014.01",86.1
"전국","초소형(40㎡ 이하)","2014.02",86.6
"전국","초소형(40㎡ 이하)","2014.03",86.9
"전국","초소형(40㎡ 이하)","2014.04",86.9
"전국","초소형(40㎡ 이하)","2014.05",86.7
"전국","초소형(40㎡ 이하)","2014.06",87.2
"전국","초소형(40㎡ 이하)","2014.07",87.5
"전국","초소형(40㎡ 이하)","2014.08",87.6
"전국","초소형(40㎡ 이하)","2014.09",88.4
"전국","초소형(40㎡ 이하)","2014.10",89.2
"전국","초소형(40㎡ 이하)","2014.11",89.1
"전국","초소형(40㎡ 이하)","2014.12",89.5
"전국","초소형(40㎡ 이하)","2015.01",90.2
"전국","초소형(40㎡ 이하)","2015.02",90.8
"전국","초소형(40㎡ 이하)","2015.03",91.8
"전국","초소형(40㎡ 이하)","2015.04",92.6
"전국","초소형(40㎡ 이하)","2015.05",93.4
"전국","초소형(40㎡ 이하)","2015.06",93.6
"전국","초소형(40㎡ 이하)","2015.07",94.6
"전국","초소형(40㎡ 이하)","2015.08",95.5
"전국","초소형(40㎡ 이하)","2015.09",95.9
"전국","초소형(40㎡ 이하)","2015.10",95.9
"전국","초소형(40㎡ 이하)","2015.11",96.3
"전국","초소형(40㎡ 이하)","2015.12",95.8
"전국","초소형(40㎡ 이하)","2016.01",95.4
"전국","초소형(40㎡ 이하)","2016.02",95.8
"전국","초소형(40㎡ 이하)","2016.03",95.9
"전국","초소형(40㎡ 이하)","2016.04",96.3
"전국","초소형(40㎡ 이하)","2016.05",96.6
"전국","초소형(40㎡ 이하)","2016.06",96.8
"전국","초소형(40㎡ 이하)","2016.07",97.7
"전국","초소형(40㎡ 이하)","2016.08",98.6
"전국","초소형(40㎡ 이하)","2016.09",99.0
"전국","초소형(40㎡ 이하)","2016.10",99.3
"전국","초소형(40㎡ 이하)","2016.11",99.2
"전국","초소형(40㎡ 이하)","2016.12",98.6
"전국","초소형(40㎡ 이하)","2017.01",98.2
"전국","초소형(40㎡ 이하)","2017.02",98.9
"전국","초소형(40㎡ 이하)","2017.03",99.0
"전국","초소형(40㎡ 이하)","2017.04",98.9
"전국","초소형(40㎡ 이하)","2017.05",99.2
"전국","초소형(40㎡ 이하)","2017.06",99.8
"전국","초소형(40㎡ 이하)","2017.07",100.7
"전국","초소형(40㎡ 이하)","2017.08",100.4
"전국","초소형(40㎡ 이하)","2017.09",100.7
"전국","초소형(40㎡ 이하)","2017.10",100.8
"전국","초소형(40㎡ 이하)","2017.11",100.0
"전국","초소형(40㎡ 이하)","2017.12",99.4
"전국","초소형(40㎡ 이하)","2018.01",99.9
"전국","초소형(40㎡ 이하)","2018.02",99.9
"전국","초소형(40㎡ 이하)","2018.03",99.2
"전국","초소형(40㎡ 이하)","2018.04",98.8
"전국","초소형(40㎡ 이하)","2018.05",97.8
"전국","초소형(40㎡ 이하)","2018.06",97.3
"전국","초소형(40㎡ 이하)","2018.07",97.2
"전국","초소형(40㎡ 이하)","2018.08",97.4
"전국","초소형(40㎡ 이하)","2018.09",98.6
"전국","초소형(40㎡ 이하)","2018.10",97.6
"전국","초소형(40㎡ 이하)","2018.11",96.0
"전국","초소형(40㎡ 이하)","2018.12",95.0
"전국","초소형(40㎡ 이하)","2019.01",95.2
"전국","초소형(40㎡ 이하)","2019.02",95.0
"전국","초소형(40㎡ 이하)","2019.03",93.7
"전국","초소형(40㎡ 이하)","2019.04",93.8
"전국","초소형(40㎡ 이하)","2019.05",93.6
"전국","초소형(40㎡ 이하)","2019.06",93.2
"전국","초소형(40㎡ 이하)","2019.07",93.2
"전국","초소형(40㎡ 이하)","2019.08",93.0
"전국","초소형(40㎡ 이하)","2019.09",92.4
"전국","초소형(40㎡ 이하)","2019.10",92.8
"전국","초소형(40㎡ 이하)","2019.11",93.1
"전국","초소형(40㎡ 이하)","2019.12",93.0
"전국","초소형(40㎡ 이하)","2020.01",93.5
"전국","초소형(40㎡ 이하)","2020.02",93.9
"전국","초소형(40㎡ 이하)","2020.03",94.9
"전국","초소형(40㎡ 이하)","2020.04",93.8
"전국","초소형(40㎡ 이하)","2020.05",94.8
"전국","초소형(40㎡ 이하)","2020.06",96.3
"전국","초소형(40㎡ 이하)","2020.07",97.1
"전국","초소형(40㎡ 이하)","2020.08",97.1
"전국","초소형(40㎡ 이하)","2020.09",96.4
"전국","초소형(40㎡ 이하)","2020.10",97.0
"전국","초소형(40㎡ 이하)","2020.11",98.6
"전국","초소형(40㎡ 이하)","2020.12",100.7
"전국","초소형(40㎡ 이하)","2021.01",101.8
"전국","초소형(40㎡ 이하)","2021.02",103.1
"전국","초소형(40㎡ 이하)","2021.03",104.1
"전국","초소형(40㎡ 이하)","2021.04",104.8
"전국","초소형(40㎡ 이하)","2021.05",105.9
"전국","초소형(40㎡ 이하)","2021.06",107.0
"전국","초소형(40㎡ 이하)","2021.07",108.9
"전국","초소형(40㎡ 이하)","2021.08",111.3
"전국","초소형(40㎡ 이하)","2021.09",112.5
"전국","초소형(40㎡ 이하)","2021.10",114.0
"전국","초소형(40㎡ 이하)","2021.11",113.5
"전국","초소형(40㎡ 이하)","2021.12",113.2
"전국","초소형(40㎡ 이하)","2022.01",113.4
"전국","초소형(40㎡ 이하)","2022.02",113.5
"전국","소형(40㎡초과 60㎡이하)","2014.01",86.4
"전국","소형(40㎡초과 60㎡이하)","2014.02",86.9
"전국","소형(40㎡초과 60㎡이하)","2014.03",87.4
"전국","소형(40㎡초과 60㎡이하)","2014.04",87.4
"전국","소형(40㎡초과 60㎡이하)","2014.05",87.4
"전국","소형(40㎡초과 60㎡이하)","2014.06",87.4
"전국","소형(40㎡초과 60㎡이하)","2014.07",87.5
"전국","소형(40㎡초과 60㎡이하)","2014.08",88.2
"전국","소형(40㎡초과 60㎡이하)","2014.09",88.8
"전국","소형(40㎡초과 60㎡이하)","2014.10",89.3
"전국","소형(40㎡초과 60㎡이하)","2014.11",89.5
"전국","소형(40㎡초과 60㎡이하)","2014.12",89.8
"전국","소형(40㎡초과 60㎡이하)","2015.01",90.4
"전국","소형(40㎡초과 60㎡이하)","2015.02",91.0
"전국","소형(40㎡초과 60㎡이하)","2015.03",91.9
"전국","소형(40㎡초과 60㎡이하)","2015.04",92.7
"전국","소형(40㎡초과 60㎡이하)","2015.05",93.3
"전국","소형(40㎡초과 60㎡이하)","2015.06",93.8
"전국","소형(40㎡초과 60㎡이하)","2015.07",94.9
"전국","소형(40㎡초과 60㎡이하)","2015.08",95.6
"전국","소형(40㎡초과 60㎡이하)","2015.09",96.3
"전국","소형(40㎡초과 60㎡이하)","2015.10",96.8
"전국","소형(40㎡초과 60㎡이하)","2015.11",96.8
"전국","소형(40㎡초과 60㎡이하)","2015.12",96.2
"전국","소형(40㎡초과 60㎡이하)","2016.01",96.1
"전국","소형(40㎡초과 60㎡이하)","2016.02",96.2
"전국","소형(40㎡초과 60㎡이하)","2016.03",96.1
"전국","소형(40㎡초과 60㎡이하)","2016.04",96.2
"전국","소형(40㎡초과 60㎡이하)","2016.05",96.2
"전국","소형(40㎡초과 60㎡이하)","2016.06",96.5
"전국","소형(40㎡초과 60㎡이하)","2016.07",97.2
"전국","소형(40㎡초과 60㎡이하)","2016.08",97.9
"전국","소형(40㎡초과 60㎡이하)","2016.09",98.8
"전국","소형(40㎡초과 60㎡이하)","2016.10",99.4
"전국","소형(40㎡초과 60㎡이하)","2016.11",99.6
"전국","소형(40㎡초과 60㎡이하)","2016.12",99.1
"전국","소형(40㎡초과 60㎡이하)","2017.01",98.9
"전국","소형(40㎡초과 60㎡이하)","2017.02",99.2
"전국","소형(40㎡초과 60㎡이하)","2017.03",99.2
"전국","소형(40㎡초과 60㎡이하)","2017.04",99.0
"전국","소형(40㎡초과 60㎡이하)","2017.05",99.2
"전국","소형(40㎡초과 60㎡이하)","2017.06",99.8
"전국","소형(40㎡초과 60㎡이하)","2017.07",100.6
"전국","소형(40㎡초과 60㎡이하)","2017.08",100.7
"전국","소형(40㎡초과 60㎡이하)","2017.09",100.7
"전국","소형(40㎡초과 60㎡이하)","2017.10",100.6
"전국","소형(40㎡초과 60㎡이하)","2017.11",100.0
"전국","소형(40㎡초과 60㎡이하)","2017.12",99.4
"전국","소형(40㎡초과 60㎡이하)","2018.01",99.4
"전국","소형(40㎡초과 60㎡이하)","2018.02",99.5
"전국","소형(40㎡초과 60㎡이하)","2018.03",99.4
"전국","소형(40㎡초과 60㎡이하)","2018.04",99.3
"전국","소형(40㎡초과 60㎡이하)","2018.05",98.8
"전국","소형(40㎡초과 60㎡이하)","2018.06",98.5
"전국","소형(40㎡초과 60㎡이하)","2018.07",98.0
"전국","소형(40㎡초과 60㎡이하)","2018.08",98.7
"전국","소형(40㎡초과 60㎡이하)","2018.09",99.9
"전국","소형(40㎡초과 60㎡이하)","2018.10",99.8
"전국","소형(40㎡초과 60㎡이하)","2018.11",98.9
"전국","소형(40㎡초과 60㎡이하)","2018.12",98.2
"전국","소형(40㎡초과 60㎡이하)","2019.01",97.6
"전국","소형(40㎡초과 60㎡이하)","2019.02",97.2
"전국","소형(40㎡초과 60㎡이하)","2019.03",96.6
"전국","소형(40㎡초과 60㎡이하)","2019.04",96.1
"전국","소형(40㎡초과 60㎡이하)","2019.05",95.7
"전국","소형(40㎡초과 60㎡이하)","2019.06",95.8
"전국","소형(40㎡초과 60㎡이하)","2019.07",95.9
"전국","소형(40㎡초과 60㎡이하)","2019.08",95.9
"전국","소형(40㎡초과 60㎡이하)","2019.09",96.0
"전국","소형(40㎡초과 60㎡이하)","2019.10",96.1
"전국","소형(40㎡초과 60㎡이하)","2019.11",96.3
"전국","소형(40㎡초과 60㎡이하)","2019.12",96.9
"전국","소형(40㎡초과 60㎡이하)","2020.01",97.4
"전국","소형(40㎡초과 60㎡이하)","2020.02",98.8
"전국","소형(40㎡초과 60㎡이하)","2020.03",99.5
"전국","소형(40㎡초과 60㎡이하)","2020.04",99.4
"전국","소형(40㎡초과 60㎡이하)","2020.05",100.1
"전국","소형(40㎡초과 60㎡이하)","2020.06",101.4
"전국","소형(40㎡초과 60㎡이하)","2020.07",103.1
"전국","소형(40㎡초과 60㎡이하)","2020.08",103.7
"전국","소형(40㎡초과 60㎡이하)","2020.09",103.9
"전국","소형(40㎡초과 60㎡이하)","2020.10",104.6
"전국","소형(40㎡초과 60㎡이하)","2020.11",106.7
"전국","소형(40㎡초과 60㎡이하)","2020.12",109.0
"전국","소형(40㎡초과 60㎡이하)","2021.01",111.4
"전국","소형(40㎡초과 60㎡이하)","2021.02",113.5
"전국","소형(40㎡초과 60㎡이하)","2021.03",115.2
"전국","소형(40㎡초과 60㎡이하)","2021.04",116.6
"전국","소형(40㎡초과 60㎡이하)","2021.05",118.5
"전국","소형(40㎡초과 60㎡이하)","2021.06",121.0
"전국","소형(40㎡초과 60㎡이하)","2021.07",123.7
"전국","소형(40㎡초과 60㎡이하)","2021.08",126.7
"전국","소형(40㎡초과 60㎡이하)","2021.09",129.5
"전국","소형(40㎡초과 60㎡이하)","2021.10",131.2
"전국","소형(40㎡초과 60㎡이하)","2021.11",131.1
"전국","소형(40㎡초과 60㎡이하)","2021.12",130.5
"전국","소형(40㎡초과 60㎡이하)","2022.01",130.5
"전국","소형(40㎡초과 60㎡이하)","2022.02",130.9
"전국","중소형(60㎡초과 85㎡이하)","2014.01",87.2
"전국","중소형(60㎡초과 85㎡이하)","2014.02",87.7
"전국","중소형(60㎡초과 85㎡이하)","2014.03",88.1
"전국","중소형(60㎡초과 85㎡이하)","2014.04",88.2
"전국","중소형(60㎡초과 85㎡이하)","2014.05",88.2
"전국","중소형(60㎡초과 85㎡이하)","2014.06",88.3
"전국","중소형(60㎡초과 85㎡이하)","2014.07",88.4
"전국","중소형(60㎡초과 85㎡이하)","2014.08",89.1
"전국","중소형(60㎡초과 85㎡이하)","2014.09",89.7
"전국","중소형(60㎡초과 85㎡이하)","2014.10",90.2
"전국","중소형(60㎡초과 85㎡이하)","2014.11",90.5
"전국","중소형(60㎡초과 85㎡이하)","2014.12",90.7
"전국","중소형(60㎡초과 85㎡이하)","2015.01",91.1
"전국","중소형(60㎡초과 85㎡이하)","2015.02",91.9
"전국","중소형(60㎡초과 85㎡이하)","2015.03",92.7
"전국","중소형(60㎡초과 85㎡이하)","2015.04",93.5
"전국","중소형(60㎡초과 85㎡이하)","2015.05",94.1
"전국","중소형(60㎡초과 85㎡이하)","2015.06",94.7
"전국","중소형(60㎡초과 85㎡이하)","2015.07",95.6
"전국","중소형(60㎡초과 85㎡이하)","2015.08",96.2
"전국","중소형(60㎡초과 85㎡이하)","2015.09",96.9
"전국","중소형(60㎡초과 85㎡이하)","2015.10",97.3
"전국","중소형(60㎡초과 85㎡이하)","2015.11",97.2
"전국","중소형(60㎡초과 85㎡이하)","2015.12",96.8
"전국","중소형(60㎡초과 85㎡이하)","2016.01",96.5
"전국","중소형(60㎡초과 85㎡이하)","2016.02",96.7
"전국","중소형(60㎡초과 85㎡이하)","2016.03",96.4
"전국","중소형(60㎡초과 85㎡이하)","2016.04",96.4
"전국","중소형(60㎡초과 85㎡이하)","2016.05",96.4
"전국","중소형(60㎡초과 85㎡이하)","2016.06",96.7
"전국","중소형(60㎡초과 85㎡이하)","2016.07",97.2
"전국","중소형(60㎡초과 85㎡이하)","2016.08",97.8
"전국","중소형(60㎡초과 85㎡이하)","2016.09",98.6
"전국","중소형(60㎡초과 85㎡이하)","2016.10",99.3
"전국","중소형(60㎡초과 85㎡이하)","2016.11",99.3
"전국","중소형(60㎡초과 85㎡이하)","2016.12",99.1
"전국","중소형(60㎡초과 85㎡이하)","2017.01",98.7
"전국","중소형(60㎡초과 85㎡이하)","2017.02",98.8
"전국","중소형(60㎡초과 85㎡이하)","2017.03",98.9
"전국","중소형(60㎡초과 85㎡이하)","2017.04",98.6
"전국","중소형(60㎡초과 85㎡이하)","2017.05",98.8
"전국","중소형(60㎡초과 85㎡이하)","2017.06",99.3
"전국","중소형(60㎡초과 85㎡이하)","2017.07",99.9
"전국","중소형(60㎡초과 85㎡이하)","2017.08",100.2
"전국","중소형(60㎡초과 85㎡이하)","2017.09",100.2
"전국","중소형(60㎡초과 85㎡이하)","2017.10",100.3
"전국","중소형(60㎡초과 85㎡이하)","2017.11",100.0
"전국","중소형(60㎡초과 85㎡이하)","2017.12",99.6
"전국","중소형(60㎡초과 85㎡이하)","2018.01",99.5
"전국","중소형(60㎡초과 85㎡이하)","2018.02",100.0
"전국","중소형(60㎡초과 85㎡이하)","2018.03",99.9
"전국","중소형(60㎡초과 85㎡이하)","2018.04",99.9
"전국","중소형(60㎡초과 85㎡이하)","2018.05",99.8
"전국","중소형(60㎡초과 85㎡이하)","2018.06",99.5
"전국","중소형(60㎡초과 85㎡이하)","2018.07",99.4
"전국","중소형(60㎡초과 85㎡이하)","2018.08",100.4
"전국","중소형(60㎡초과 85㎡이하)","2018.09",101.3
"전국","중소형(60㎡초과 85㎡이하)","2018.10",101.1
"전국","중소형(60㎡초과 85㎡이하)","2018.11",100.6
"전국","중소형(60㎡초과 85㎡이하)","2018.12",99.9
"전국","중소형(60㎡초과 85㎡이하)","2019.01",99.5
"전국","중소형(60㎡초과 85㎡이하)","2019.02",99.2
"전국","중소형(60㎡초과 85㎡이하)","2019.03",98.8
"전국","중소형(60㎡초과 85㎡이하)","2019.04",98.4
"전국","중소형(60㎡초과 85㎡이하)","2019.05",98.3
"전국","중소형(60㎡초과 85㎡이하)","2019.06",98.3
"전국","중소형(60㎡초과 85㎡이하)","2019.07",98.6
"전국","중소형(60㎡초과 85㎡이하)","2019.08",98.8
"전국","중소형(60㎡초과 85㎡이하)","2019.09",99.1
"전국","중소형(60㎡초과 85㎡이하)","2019.10",99.3
"전국","중소형(60㎡초과 85㎡이하)","2019.11",99.9
"전국","중소형(60㎡초과 85㎡이하)","2019.12",100.6
"전국","중소형(60㎡초과 85㎡이하)","2020.01",101.2
"전국","중소형(60㎡초과 85㎡이하)","2020.02",102.5
"전국","중소형(60㎡초과 85㎡이하)","2020.03",103.4
"전국","중소형(60㎡초과 85㎡이하)","2020.04",103.4
"전국","중소형(60㎡초과 85㎡이하)","2020.05",104.3
"전국","중소형(60㎡초과 85㎡이하)","2020.06",105.7
"전국","중소형(60㎡초과 85㎡이하)","2020.07",107.7
"전국","중소형(60㎡초과 85㎡이하)","2020.08",108.8
"전국","중소형(60㎡초과 85㎡이하)","2020.09",109.3
"전국","중소형(60㎡초과 85㎡이하)","2020.10",110.6
"전국","중소형(60㎡초과 85㎡이하)","2020.11",113.4
"전국","중소형(60㎡초과 85㎡이하)","2020.12",116.2
"전국","중소형(60㎡초과 85㎡이하)","2021.01",119.0
"전국","중소형(60㎡초과 85㎡이하)","2021.02",121.1
"전국","중소형(60㎡초과 85㎡이하)","2021.03",122.9
"전국","중소형(60㎡초과 85㎡이하)","2021.04",124.2
"전국","중소형(60㎡초과 85㎡이하)","2021.05",126.0
"전국","중소형(60㎡초과 85㎡이하)","2021.06",128.4
"전국","중소형(60㎡초과 85㎡이하)","2021.07",130.8
"전국","중소형(60㎡초과 85㎡이하)","2021.08",133.3
"전국","중소형(60㎡초과 85㎡이하)","2021.09",135.6
"전국","중소형(60㎡초과 85㎡이하)","2021.10",136.6
"전국","중소형(60㎡초과 85㎡이하)","2021.11",136.4
"전국","중소형(60㎡초과 85㎡이하)","2021.12",135.6
"전국","중소형(60㎡초과 85㎡이하)","2022.01",135.1
"전국","중소형(60㎡초과 85㎡이하)","2022.02",135.0
"전국","중대형(85㎡초과 135㎡이하)","2014.01",86.0
"전국","중대형(85㎡초과 135㎡이하)","2014.02",86.6
"전국","중대형(85㎡초과 135㎡이하)","2014.03",86.9
"전국","중대형(85㎡초과 135㎡이하)","2014.04",87.1
"전국","중대형(85㎡초과 135㎡이하)","2014.05",87.0
"전국","중대형(85㎡초과 135㎡이하)","2014.06",86.9
"전국","중대형(85㎡초과 135㎡이하)","2014.07",87.2
"전국","중대형(85㎡초과 135㎡이하)","2014.08",87.8
"전국","중대형(85㎡초과 135㎡이하)","2014.09",88.5
"전국","중대형(85㎡초과 135㎡이하)","2014.10",89.1
"전국","중대형(85㎡초과 135㎡이하)","2014.11",89.4
"전국","중대형(85㎡초과 135㎡이하)","2014.12",89.4
"전국","중대형(85㎡초과 135㎡이하)","2015.01",90.0
"전국","중대형(85㎡초과 135㎡이하)","2015.02",90.5
"전국","중대형(85㎡초과 135㎡이하)","2015.03",91.3
"전국","중대형(85㎡초과 135㎡이하)","2015.04",91.8
"전국","중대형(85㎡초과 135㎡이하)","2015.05",92.6
"전국","중대형(85㎡초과 135㎡이하)","2015.06",92.8
"전국","중대형(85㎡초과 135㎡이하)","2015.07",93.8
"전국","중대형(85㎡초과 135㎡이하)","2015.08",94.1
"전국","중대형(85㎡초과 135㎡이하)","2015.09",94.8
"전국","중대형(85㎡초과 135㎡이하)","2015.10",95.2
"전국","중대형(85㎡초과 135㎡이하)","2015.11",95.2
"전국","중대형(85㎡초과 135㎡이하)","2015.12",94.8
"전국","중대형(85㎡초과 135㎡이하)","2016.01",94.5
"전국","중대형(85㎡초과 135㎡이하)","2016.02",94.8
"전국","중대형(85㎡초과 135㎡이하)","2016.03",94.5
"전국","중대형(85㎡초과 135㎡이하)","2016.04",94.5
"전국","중대형(85㎡초과 135㎡이하)","2016.05",94.4
"전국","중대형(85㎡초과 135㎡이하)","2016.06",95.0
"전국","중대형(85㎡초과 135㎡이하)","2016.07",95.4
"전국","중대형(85㎡초과 135㎡이하)","2016.08",96.0
"전국","중대형(85㎡초과 135㎡이하)","2016.09",96.8
"전국","중대형(85㎡초과 135㎡이하)","2016.10",97.5
"전국","중대형(85㎡초과 135㎡이하)","2016.11",97.7
"전국","중대형(85㎡초과 135㎡이하)","2016.12",97.5
"전국","중대형(85㎡초과 135㎡이하)","2017.01",97.6
"전국","중대형(85㎡초과 135㎡이하)","2017.02",97.6
"전국","중대형(85㎡초과 135㎡이하)","2017.03",97.8
"전국","중대형(85㎡초과 135㎡이하)","2017.04",97.6
"전국","중대형(85㎡초과 135㎡이하)","2017.05",97.9
"전국","중대형(85㎡초과 135㎡이하)","2017.06",98.4
"전국","중대형(85㎡초과 135㎡이하)","2017.07",99.2
"전국","중대형(85㎡초과 135㎡이하)","2017.08",99.7
"전국","중대형(85㎡초과 135㎡이하)","2017.09",99.7
"전국","중대형(85㎡초과 135㎡이하)","2017.10",100.3
"전국","중대형(85㎡초과 135㎡이하)","2017.11",100.0
"전국","중대형(85㎡초과 135㎡이하)","2017.12",99.6
"전국","중대형(85㎡초과 135㎡이하)","2018.01",100.3
"전국","중대형(85㎡초과 135㎡이하)","2018.02",100.8
"전국","중대형(85㎡초과 135㎡이하)","2018.03",101.2
"전국","중대형(85㎡초과 135㎡이하)","2018.04",101.4
"전국","중대형(85㎡초과 135㎡이하)","2018.05",101.5
"전국","중대형(85㎡초과 135㎡이하)","2018.06",101.6
"전국","중대형(85㎡초과 135㎡이하)","2018.07",101.8
"전국","중대형(85㎡초과 135㎡이하)","2018.08",103.7
"전국","중대형(85㎡초과 135㎡이하)","2018.09",104.6
"전국","중대형(85㎡초과 135㎡이하)","2018.10",104.7
"전국","중대형(85㎡초과 135㎡이하)","2018.11",104.3
"전국","중대형(85㎡초과 135㎡이하)","2018.12",103.8
"전국","중대형(85㎡초과 135㎡이하)","2019.01",103.7
"전국","중대형(85㎡초과 135㎡이하)","2019.02",103.2
"전국","중대형(85㎡초과 135㎡이하)","2019.03",102.8
"전국","중대형(85㎡초과 135㎡이하)","2019.04",102.7
"전국","중대형(85㎡초과 135㎡이하)","2019.05",102.5
"전국","중대형(85㎡초과 135㎡이하)","2019.06",103.5
"전국","중대형(85㎡초과 135㎡이하)","2019.07",103.8
"전국","중대형(85㎡초과 135㎡이하)","2019.08",104.2
"전국","중대형(85㎡초과 135㎡이하)","2019.09",104.7
"전국","중대형(85㎡초과 135㎡이하)","2019.10",105.5
"전국","중대형(85㎡초과 135㎡이하)","2019.11",106.4
"전국","중대형(85㎡초과 135㎡이하)","2019.12",107.4
"전국","중대형(85㎡초과 135㎡이하)","2020.01",108.0
"전국","중대형(85㎡초과 135㎡이하)","2020.02",109.7
"전국","중대형(85㎡초과 135㎡이하)","2020.03",111.0
"전국","중대형(85㎡초과 135㎡이하)","2020.04",111.4
"전국","중대형(85㎡초과 135㎡이하)","2020.05",112.4
"전국","중대형(85㎡초과 135㎡이하)","2020.06",114.8
"전국","중대형(85㎡초과 135㎡이하)","2020.07",117.5
"전국","중대형(85㎡초과 135㎡이하)","2020.08",119.1
"전국","중대형(85㎡초과 135㎡이하)","2020.09",120.4
"전국","중대형(85㎡초과 135㎡이하)","2020.10",122.6
"전국","중대형(85㎡초과 135㎡이하)","2020.11",126.3
"전국","중대형(85㎡초과 135㎡이하)","2020.12",130.2
"전국","중대형(85㎡초과 135㎡이하)","2021.01",134.1
"전국","중대형(85㎡초과 135㎡이하)","2021.02",136.8
"전국","중대형(85㎡초과 135㎡이하)","2021.03",139.1
"전국","중대형(85㎡초과 135㎡이하)","2021.04",141.1
"전국","중대형(85㎡초과 135㎡이하)","2021.05",143.0
"전국","중대형(85㎡초과 135㎡이하)","2021.06",146.5
"전국","중대형(85㎡초과 135㎡이하)","2021.07",149.2
"전국","중대형(85㎡초과 135㎡이하)","2021.08",152.5
"전국","중대형(85㎡초과 135㎡이하)","2021.09",154.8
"전국","중대형(85㎡초과 135㎡이하)","2021.10",156.2
"전국","중대형(85㎡초과 135㎡이하)","2021.11",155.7
"전국","중대형(85㎡초과 135㎡이하)","2021.12",154.3
"전국","중대형(85㎡초과 135㎡이하)","2022.01",153.2
"전국","중대형(85㎡초과 135㎡이하)","2022.02",153.0
"전국","대형(135㎡ 초과)","2014.01",84.9
"전국","대형(135㎡ 초과)","2014.02",85.3
"전국","대형(135㎡ 초과)","2014.03",86.0
"전국","대형(135㎡ 초과)","2014.04",85.6
"전국","대형(135㎡ 초과)","2014.05",86.4
"전국","대형(135㎡ 초과)","2014.06",86.3
"전국","대형(135㎡ 초과)","2014.07",86.5
"전국","대형(135㎡ 초과)","2014.08",87.0
"전국","대형(135㎡ 초과)","2014.09",87.8
"전국","대형(135㎡ 초과)","2014.10",88.0
"전국","대형(135㎡ 초과)","2014.11",88.5
"전국","대형(135㎡ 초과)","2014.12",88.4
"전국","대형(135㎡ 초과)","2015.01",88.9
"전국","대형(135㎡ 초과)","2015.02",89.7
"전국","대형(135㎡ 초과)","2015.03",90.3
"전국","대형(135㎡ 초과)","2015.04",90.7
"전국","대형(135㎡ 초과)","2015.05",91.3
"전국","대형(135㎡ 초과)","2015.06",91.7
"전국","대형(135㎡ 초과)","2015.07",92.4
"전국","대형(135㎡ 초과)","2015.08",93.0
"전국","대형(135㎡ 초과)","2015.09",93.9
"전국","대형(135㎡ 초과)","2015.10",93.8
"전국","대형(135㎡ 초과)","2015.11",94.3
"전국","대형(135㎡ 초과)","2015.12",93.6
"전국","대형(135㎡ 초과)","2016.01",93.7
"전국","대형(135㎡ 초과)","2016.02",93.9
"전국","대형(135㎡ 초과)","2016.03",93.9
"전국","대형(135㎡ 초과)","2016.04",93.9
"전국","대형(135㎡ 초과)","2016.05",93.7
"전국","대형(135㎡ 초과)","2016.06",94.3
"전국","대형(135㎡ 초과)","2016.07",95.1
"전국","대형(135㎡ 초과)","2016.08",96.0
"전국","대형(135㎡ 초과)","2016.09",96.5
"전국","대형(135㎡ 초과)","2016.10",97.4
"전국","대형(135㎡ 초과)","2016.11",97.6
"전국","대형(135㎡ 초과)","2016.12",96.7
"전국","대형(135㎡ 초과)","2017.01",96.9
"전국","대형(135㎡ 초과)","2017.02",97.2
"전국","대형(135㎡ 초과)","2017.03",97.6
"전국","대형(135㎡ 초과)","2017.04",97.9
"전국","대형(135㎡ 초과)","2017.05",98.4
"전국","대형(135㎡ 초과)","2017.06",98.9
"전국","대형(135㎡ 초과)","2017.07",99.5
"전국","대형(135㎡ 초과)","2017.08",99.9
"전국","대형(135㎡ 초과)","2017.09",100.5
"전국","대형(135㎡ 초과)","2017.10",100.5
"전국","대형(135㎡ 초과)","2017.11",100.0
"전국","대형(135㎡ 초과)","2017.12",100.4
"전국","대형(135㎡ 초과)","2018.01",101.2
"전국","대형(135㎡ 초과)","2018.02",102.0
"전국","대형(135㎡ 초과)","2018.03",102.6
"전국","대형(135㎡ 초과)","2018.04",102.8
"전국","대형(135㎡ 초과)","2018.05",103.2
"전국","대형(135㎡ 초과)","2018.06",103.2
"전국","대형(135㎡ 초과)","2018.07",104.0
"전국","대형(135㎡ 초과)","2018.08",105.6
"전국","대형(135㎡ 초과)","2018.09",106.8
"전국","대형(135㎡ 초과)","2018.10",106.6
"전국","대형(135㎡ 초과)","2018.11",106.4
"전국","대형(135㎡ 초과)","2018.12",105.7
"전국","대형(135㎡ 초과)","2019.01",105.1
"전국","대형(135㎡ 초과)","2019.02",105.5
"전국","대형(135㎡ 초과)","2019.03",104.6
"전국","대형(135㎡ 초과)","2019.04",105.8
"전국","대형(135㎡ 초과)","2019.05",105.3
"전국","대형(135㎡ 초과)","2019.06",106.3
"전국","대형(135㎡ 초과)","2019.07",107.0
"전국","대형(135㎡ 초과)","2019.08",107.3
"전국","대형(135㎡ 초과)","2019.09",107.2
"전국","대형(135㎡ 초과)","2019.10",108.7
"전국","대형(135㎡ 초과)","2019.11",109.6
"전국","대형(135㎡ 초과)","2019.12",110.8
"전국","대형(135㎡ 초과)","2020.01",110.7
"전국","대형(135㎡ 초과)","2020.02",111.5
"전국","대형(135㎡ 초과)","2020.03",112.1
"전국","대형(135㎡ 초과)","2020.04",112.5
"전국","대형(135㎡ 초과)","2020.05",112.3
"전국","대형(135㎡ 초과)","2020.06",115.3
"전국","대형(135㎡ 초과)","2020.07",118.1
"전국","대형(135㎡ 초과)","2020.08",119.6
"전국","대형(135㎡ 초과)","2020.09",121.7
"전국","대형(135㎡ 초과)","2020.10",124.2
"전국","대형(135㎡ 초과)","2020.11",128.4
"전국","대형(135㎡ 초과)","2020.12",131.9
"전국","대형(135㎡ 초과)","2021.01",135.8
"전국","대형(135㎡ 초과)","2021.02",139.0
"전국","대형(135㎡ 초과)","2021.03",140.0
"전국","대형(135㎡ 초과)","2021.04",142.5
"전국","대형(135㎡ 초과)","2021.05",144.2
"전국","대형(135㎡ 초과)","2021.06",148.1
"전국","대형(135㎡ 초과)","2021.07",151.0
"전국","대형(135㎡ 초과)","2021.08",154.3
"전국","대형(135㎡ 초과)","2021.09",155.4
"전국","대형(135㎡ 초과)","2021.10",157.4
"전국","대형(135㎡ 초과)","2021.11",156.5
"전국","대형(135㎡ 초과)","2021.12",156.5
"전국","대형(135㎡ 초과)","2022.01",156.9
"전국","대형(135㎡ 초과)","2022.02",156.5
"서울","초소형(40㎡ 이하)","2014.01",79.0
"서울","초소형(40㎡ 이하)","2014.02",79.6
"서울","초소형(40㎡ 이하)","2014.03",79.6
"서울","초소형(40㎡ 이하)","2014.04",79.7
"서울","초소형(40㎡ 이하)","2014.05",78.5
"서울","초소형(40㎡ 이하)","2014.06",78.9
"서울","초소형(40㎡ 이하)","2014.07",79.0
"서울","초소형(40㎡ 이하)","2014.08",79.9
"서울","초소형(40㎡ 이하)","2014.09",80.4
"서울","초소형(40㎡ 이하)","2014.10",80.2
"서울","초소형(40㎡ 이하)","2014.11",81.0
"서울","초소형(40㎡ 이하)","2014.12",80.0
"서울","초소형(40㎡ 이하)","2015.01",80.9
"서울","초소형(40㎡ 이하)","2015.02",81.6
"서울","초소형(40㎡ 이하)","2015.03",82.5
"서울","초소형(40㎡ 이하)","2015.04",82.8
"서울","초소형(40㎡ 이하)","2015.05",83.7
"서울","초소형(40㎡ 이하)","2015.06",83.9
"서울","초소형(40㎡ 이하)","2015.07",85.4
"서울","초소형(40㎡ 이하)","2015.08",86.1
"서울","초소형(40㎡ 이하)","2015.09",87.2
"서울","초소형(40㎡ 이하)","2015.10",86.8
"서울","초소형(40㎡ 이하)","2015.11",87.4
"서울","초소형(40㎡ 이하)","2015.12",87.2
"서울","초소형(40㎡ 이하)","2016.01",87.1
"서울","초소형(40㎡ 이하)","2016.02",87.2
"서울","초소형(40㎡ 이하)","2016.03",87.2
"서울","초소형(40㎡ 이하)","2016.04",88.3
"서울","초소형(40㎡ 이하)","2016.05",89.1
"서울","초소형(40㎡ 이하)","2016.06",90.5
"서울","초소형(40㎡ 이하)","2016.07",92.1
"서울","초소형(40㎡ 이하)","2016.08",93.5
"서울","초소형(40㎡ 이하)","2016.09",95.4
"서울","초소형(40㎡ 이하)","2016.10",95.7
"서울","초소형(40㎡ 이하)","2016.11",96.0
"서울","초소형(40㎡ 이하)","2016.12",94.8
"서울","초소형(40㎡ 이하)","2017.01",94.6
"서울","초소형(40㎡ 이하)","2017.02",94.2
"서울","초소형(40㎡ 이하)","2017.03",95.2
"서울","초소형(40㎡ 이하)","2017.04",95.0
"서울","초소형(40㎡ 이하)","2017.05",96.0
"서울","초소형(40㎡ 이하)","2017.06",97.7
"서울","초소형(40㎡ 이하)","2017.07",100.2
"서울","초소형(40㎡ 이하)","2017.08",99.9
"서울","초소형(40㎡ 이하)","2017.09",99.5
"서울","초소형(40㎡ 이하)","2017.10",100.4
"서울","초소형(40㎡ 이하)","2017.11",100.0
"서울","초소형(40㎡ 이하)","2017.12",100.2
"서울","초소형(40㎡ 이하)","2018.01",101.2
"서울","초소형(40㎡ 이하)","2018.02",102.1
"서울","초소형(40㎡ 이하)","2018.03",101.7
"서울","초소형(40㎡ 이하)","2018.04",102.0
"서울","초소형(40㎡ 이하)","2018.05",102.1
"서울","초소형(40㎡ 이하)","2018.06",101.5
"서울","초소형(40㎡ 이하)","2018.07",101.0
"서울","초소형(40㎡ 이하)","2018.08",103.8
"서울","초소형(40㎡ 이하)","2018.09",109.4
"서울","초소형(40㎡ 이하)","2018.10",108.8
"서울","초소형(40㎡ 이하)","2018.11",106.8
"서울","초소형(40㎡ 이하)","2018.12",107.2
"서울","초소형(40㎡ 이하)","2019.01",104.7
"서울","초소형(40㎡ 이하)","2019.02",105.4
"서울","초소형(40㎡ 이하)","2019.03",103.5
"서울","초소형(40㎡ 이하)","2019.04",103.6
"서울","초소형(40㎡ 이하)","2019.05",104.7
"서울","초소형(40㎡ 이하)","2019.06",105.1
"서울","초소형(40㎡ 이하)","2019.07",105.9
"서울","초소형(40㎡ 이하)","2019.08",107.1
"서울","초소형(40㎡ 이하)","2019.09",106.7
"서울","초소형(40㎡ 이하)","2019.10",107.0
"서울","초소형(40㎡ 이하)","2019.11",107.7
"서울","초소형(40㎡ 이하)","2019.12",109.8
"서울","초소형(40㎡ 이하)","2020.01",110.3
"서울","초소형(40㎡ 이하)","2020.02",110.4
"서울","초소형(40㎡ 이하)","2020.03",110.9
"서울","초소형(40㎡ 이하)","2020.04",110.3
"서울","초소형(40㎡ 이하)","2020.05",109.3
"서울","초소형(40㎡ 이하)","2020.06",110.2
"서울","초소형(40㎡ 이하)","2020.07",115.2
"서울","초소형(40㎡ 이하)","2020.08",118.8
"서울","초소형(40㎡ 이하)","2020.09",116.9
"서울","초소형(40㎡ 이하)","2020.10",118.0
"서울","초소형(40㎡ 이하)","2020.11",117.9
"서울","초소형(40㎡ 이하)","2020.12",118.3
"서울","초소형(40㎡ 이하)","2021.01",120.1
"서울","초소형(40㎡ 이하)","2021.02",121.3
"서울","초소형(40㎡ 이하)","2021.03",121.2
"서울","초소형(40㎡ 이하)","2021.04",121.3
"서울","초소형(40㎡ 이하)","2021.05",122.9
"서울","초소형(40㎡ 이하)","2021.06",123.5
"서울","초소형(40㎡ 이하)","2021.07",125.3
"서울","초소형(40㎡ 이하)","2021.08",127.8
"서울","초소형(40㎡ 이하)","2021.09",129.3
"서울","초소형(40㎡ 이하)","2021.10",127.4
"서울","초소형(40㎡ 이하)","2021.11",127.7
"서울","초소형(40㎡ 이하)","2021.12",126.9
"서울","초소형(40㎡ 이하)","2022.01",127.9
"서울","초소형(40㎡ 이하)","2022.02",128.1
"서울","소형(40㎡초과 60㎡이하)","2014.01",76.6
"서울","소형(40㎡초과 60㎡이하)","2014.02",77.2
"서울","소형(40㎡초과 60㎡이하)","2014.03",77.4
"서울","소형(40㎡초과 60㎡이하)","2014.04",77.2
"서울","소형(40㎡초과 60㎡이하)","2014.05",76.8
"서울","소형(40㎡초과 60㎡이하)","2014.06",76.8
"서울","소형(40㎡초과 60㎡이하)","2014.07",76.9
"서울","소형(40㎡초과 60㎡이하)","2014.08",77.6
"서울","소형(40㎡초과 60㎡이하)","2014.09",78.2
"서울","소형(40㎡초과 60㎡이하)","2014.10",78.5
"서울","소형(40㎡초과 60㎡이하)","2014.11",78.3
"서울","소형(40㎡초과 60㎡이하)","2014.12",78.3
"서울","소형(40㎡초과 60㎡이하)","2015.01",78.7
"서울","소형(40㎡초과 60㎡이하)","2015.02",79.4
"서울","소형(40㎡초과 60㎡이하)","2015.03",80.4
"서울","소형(40㎡초과 60㎡이하)","2015.04",81.3
"서울","소형(40㎡초과 60㎡이하)","2015.05",81.9
"서울","소형(40㎡초과 60㎡이하)","2015.06",82.4
"서울","소형(40㎡초과 60㎡이하)","2015.07",83.8
"서울","소형(40㎡초과 60㎡이하)","2015.08",84.4
"서울","소형(40㎡초과 60㎡이하)","2015.09",85.1
"서울","소형(40㎡초과 60㎡이하)","2015.10",85.8
"서울","소형(40㎡초과 60㎡이하)","2015.11",86.3
"서울","소형(40㎡초과 60㎡이하)","2015.12",85.5
"서울","소형(40㎡초과 60㎡이하)","2016.01",85.4
"서울","소형(40㎡초과 60㎡이하)","2016.02",85.7
"서울","소형(40㎡초과 60㎡이하)","2016.03",85.8
"서울","소형(40㎡초과 60㎡이하)","2016.04",86.3
"서울","소형(40㎡초과 60㎡이하)","2016.05",87.0
"서울","소형(40㎡초과 60㎡이하)","2016.06",87.9
"서울","소형(40㎡초과 60㎡이하)","2016.07",89.3
"서울","소형(40㎡초과 60㎡이하)","2016.08",90.6
"서울","소형(40㎡초과 60㎡이하)","2016.09",91.9
"서울","소형(40㎡초과 60㎡이하)","2016.10",92.9
"서울","소형(40㎡초과 60㎡이하)","2016.11",93.0
"서울","소형(40㎡초과 60㎡이하)","2016.12",92.2
"서울","소형(40㎡초과 60㎡이하)","2017.01",91.9
"서울","소형(40㎡초과 60㎡이하)","2017.02",92.2
"서울","소형(40㎡초과 60㎡이하)","2017.03",92.5
"서울","소형(40㎡초과 60㎡이하)","2017.04",92.7
"서울","소형(40㎡초과 60㎡이하)","2017.05",93.9
"서울","소형(40㎡초과 60㎡이하)","2017.06",95.9
"서울","소형(40㎡초과 60㎡이하)","2017.07",98.6
"서울","소형(40㎡초과 60㎡이하)","2017.08",98.8
"서울","소형(40㎡초과 60㎡이하)","2017.09",99.0
"서울","소형(40㎡초과 60㎡이하)","2017.10",99.9
"서울","소형(40㎡초과 60㎡이하)","2017.11",100.0
"서울","소형(40㎡초과 60㎡이하)","2017.12",100.8
"서울","소형(40㎡초과 60㎡이하)","2018.01",102.4
"서울","소형(40㎡초과 60㎡이하)","2018.02",104.1
"서울","소형(40㎡초과 60㎡이하)","2018.03",105.3
"서울","소형(40㎡초과 60㎡이하)","2018.04",106.7
"서울","소형(40㎡초과 60㎡이하)","2018.05",106.8
"서울","소형(40㎡초과 60㎡이하)","2018.06",107.5
"서울","소형(40㎡초과 60㎡이하)","2018.07",108.6
"서울","소형(40㎡초과 60㎡이하)","2018.08",113.0
"서울","소형(40㎡초과 60㎡이하)","2018.09",120.4
"서울","소형(40㎡초과 60㎡이하)","2018.10",122.3
"서울","소형(40㎡초과 60㎡이하)","2018.11",120.1
"서울","소형(40㎡초과 60㎡이하)","2018.12",118.0
"서울","소형(40㎡초과 60㎡이하)","2019.01",117.2
"서울","소형(40㎡초과 60㎡이하)","2019.02",116.7
"서울","소형(40㎡초과 60㎡이하)","2019.03",115.4
"서울","소형(40㎡초과 60㎡이하)","2019.04",114.5
"서울","소형(40㎡초과 60㎡이하)","2019.05",114.9
"서울","소형(40㎡초과 60㎡이하)","2019.06",117.1
"서울","소형(40㎡초과 60㎡이하)","2019.07",119.0
"서울","소형(40㎡초과 60㎡이하)","2019.08",120.6
"서울","소형(40㎡초과 60㎡이하)","2019.09",121.2
"서울","소형(40㎡초과 60㎡이하)","2019.10",122.9
"서울","소형(40㎡초과 60㎡이하)","2019.11",124.7
"서울","소형(40㎡초과 60㎡이하)","2019.12",126.6
"서울","소형(40㎡초과 60㎡이하)","2020.01",128.8
"서울","소형(40㎡초과 60㎡이하)","2020.02",130.7
"서울","소형(40㎡초과 60㎡이하)","2020.03",131.6
"서울","소형(40㎡초과 60㎡이하)","2020.04",131.1
"서울","소형(40㎡초과 60㎡이하)","2020.05",131.5
"서울","소형(40㎡초과 60㎡이하)","2020.06",135.5
"서울","소형(40㎡초과 60㎡이하)","2020.07",142.9
"서울","소형(40㎡초과 60㎡이하)","2020.08",148.2
"서울","소형(40㎡초과 60㎡이하)","2020.09",149.4
"서울","소형(40㎡초과 60㎡이하)","2020.10",150.6
"서울","소형(40㎡초과 60㎡이하)","2020.11",153.3
"서울","소형(40㎡초과 60㎡이하)","2020.12",156.3
"서울","소형(40㎡초과 60㎡이하)","2021.01",161.3
"서울","소형(40㎡초과 60㎡이하)","2021.02",164.5
"서울","소형(40㎡초과 60㎡이하)","2021.03",164.9
"서울","소형(40㎡초과 60㎡이하)","2021.04",165.8
"서울","소형(40㎡초과 60㎡이하)","2021.05",169.2
"서울","소형(40㎡초과 60㎡이하)","2021.06",172.3
"서울","소형(40㎡초과 60㎡이하)","2021.07",176.3
"서울","소형(40㎡초과 60㎡이하)","2021.08",179.9
"서울","소형(40㎡초과 60㎡이하)","2021.09",181.7
"서울","소형(40㎡초과 60㎡이하)","2021.10",182.4
"서울","소형(40㎡초과 60㎡이하)","2021.11",182.6
"서울","소형(40㎡초과 60㎡이하)","2021.12",179.3
"서울","소형(40㎡초과 60㎡이하)","2022.01",176.7
"서울","소형(40㎡초과 60㎡이하)","2022.02",173.5
"서울","중소형(60㎡초과 85㎡이하)","2014.01",78.2
"서울","중소형(60㎡초과 85㎡이하)","2014.02",78.7
"서울","중소형(60㎡초과 85㎡이하)","2014.03",79.0
"서울","중소형(60㎡초과 85㎡이하)","2014.04",78.9
"서울","중소형(60㎡초과 85㎡이하)","2014.05",78.7
"서울","중소형(60㎡초과 85㎡이하)","2014.06",78.8
"서울","중소형(60㎡초과 85㎡이하)","2014.07",78.9
"서울","중소형(60㎡초과 85㎡이하)","2014.08",79.7
"서울","중소형(60㎡초과 85㎡이하)","2014.09",80.3
"서울","중소형(60㎡초과 85㎡이하)","2014.10",80.7
"서울","중소형(60㎡초과 85㎡이하)","2014.11",80.7
"서울","중소형(60㎡초과 85㎡이하)","2014.12",80.5
"서울","중소형(60㎡초과 85㎡이하)","2015.01",81.0
"서울","중소형(60㎡초과 85㎡이하)","2015.02",81.7
"서울","중소형(60㎡초과 85㎡이하)","2015.03",82.5
"서울","중소형(60㎡초과 85㎡이하)","2015.04",83.3
"서울","중소형(60㎡초과 85㎡이하)","2015.05",83.8
"서울","중소형(60㎡초과 85㎡이하)","2015.06",84.5
"서울","중소형(60㎡초과 85㎡이하)","2015.07",85.3
"서울","중소형(60㎡초과 85㎡이하)","2015.08",86.0
"서울","중소형(60㎡초과 85㎡이하)","2015.09",86.6
"서울","중소형(60㎡초과 85㎡이하)","2015.10",87.2
"서울","중소형(60㎡초과 85㎡이하)","2015.11",87.4
"서울","중소형(60㎡초과 85㎡이하)","2015.12",87.1
"서울","중소형(60㎡초과 85㎡이하)","2016.01",86.7
"서울","중소형(60㎡초과 85㎡이하)","2016.02",86.8
"서울","중소형(60㎡초과 85㎡이하)","2016.03",87.0
"서울","중소형(60㎡초과 85㎡이하)","2016.04",87.1
"서울","중소형(60㎡초과 85㎡이하)","2016.05",87.7
"서울","중소형(60㎡초과 85㎡이하)","2016.06",88.7
"서울","중소형(60㎡초과 85㎡이하)","2016.07",89.9
"서울","중소형(60㎡초과 85㎡이하)","2016.08",90.9
"서울","중소형(60㎡초과 85㎡이하)","2016.09",91.9
"서울","중소형(60㎡초과 85㎡이하)","2016.10",93.2
"서울","중소형(60㎡초과 85㎡이하)","2016.11",93.1
"서울","중소형(60㎡초과 85㎡이하)","2016.12",92.4
"서울","중소형(60㎡초과 85㎡이하)","2017.01",92.0
"서울","중소형(60㎡초과 85㎡이하)","2017.02",92.2
"서울","중소형(60㎡초과 85㎡이하)","2017.03",92.8
"서울","중소형(60㎡초과 85㎡이하)","2017.04",93.0
"서울","중소형(60㎡초과 85㎡이하)","2017.05",94.1
"서울","중소형(60㎡초과 85㎡이하)","2017.06",95.7
"서울","중소형(60㎡초과 85㎡이하)","2017.07",97.7
"서울","중소형(60㎡초과 85㎡이하)","2017.08",98.3
"서울","중소형(60㎡초과 85㎡이하)","2017.09",98.6
"서울","중소형(60㎡초과 85㎡이하)","2017.10",99.4
"서울","중소형(60㎡초과 85㎡이하)","2017.11",100.0
"서울","중소형(60㎡초과 85㎡이하)","2017.12",100.9
"서울","중소형(60㎡초과 85㎡이하)","2018.01",102.8
"서울","중소형(60㎡초과 85㎡이하)","2018.02",104.9
"서울","중소형(60㎡초과 85㎡이하)","2018.03",106.1
"서울","중소형(60㎡초과 85㎡이하)","2018.04",107.6
"서울","중소형(60㎡초과 85㎡이하)","2018.05",107.9
"서울","중소형(60㎡초과 85㎡이하)","2018.06",108.6
"서울","중소형(60㎡초과 85㎡이하)","2018.07",110.1
"서울","중소형(60㎡초과 85㎡이하)","2018.08",114.5
"서울","중소형(60㎡초과 85㎡이하)","2018.09",120.3
"서울","중소형(60㎡초과 85㎡이하)","2018.10",121.2
"서울","중소형(60㎡초과 85㎡이하)","2018.11",119.5
"서울","중소형(60㎡초과 85㎡이하)","2018.12",118.2
"서울","중소형(60㎡초과 85㎡이하)","2019.01",117.0
"서울","중소형(60㎡초과 85㎡이하)","2019.02",115.2
"서울","중소형(60㎡초과 85㎡이하)","2019.03",114.4
"서울","중소형(60㎡초과 85㎡이하)","2019.04",114.7
"서울","중소형(60㎡초과 85㎡이하)","2019.05",115.8
"서울","중소형(60㎡초과 85㎡이하)","2019.06",117.8
"서울","중소형(60㎡초과 85㎡이하)","2019.07",120.4
"서울","중소형(60㎡초과 85㎡이하)","2019.08",121.8
"서울","중소형(60㎡초과 85㎡이하)","2019.09",123.3
"서울","중소형(60㎡초과 85㎡이하)","2019.10",124.9
"서울","중소형(60㎡초과 85㎡이하)","2019.11",127.2
"서울","중소형(60㎡초과 85㎡이하)","2019.12",129.2
"서울","중소형(60㎡초과 85㎡이하)","2020.01",130.2
"서울","중소형(60㎡초과 85㎡이하)","2020.02",132.2
"서울","중소형(60㎡초과 85㎡이하)","2020.03",133.3
"서울","중소형(60㎡초과 85㎡이하)","2020.04",131.5
"서울","중소형(60㎡초과 85㎡이하)","2020.05",133.0
"서울","중소형(60㎡초과 85㎡이하)","2020.06",137.4
"서울","중소형(60㎡초과 85㎡이하)","2020.07",143.9
"서울","중소형(60㎡초과 85㎡이하)","2020.08",148.4
"서울","중소형(60㎡초과 85㎡이하)","2020.09",150.7
"서울","중소형(60㎡초과 85㎡이하)","2020.10",152.2
"서울","중소형(60㎡초과 85㎡이하)","2020.11",154.8
"서울","중소형(60㎡초과 85㎡이하)","2020.12",157.9
"서울","중소형(60㎡초과 85㎡이하)","2021.01",162.5
"서울","중소형(60㎡초과 85㎡이하)","2021.02",165.4
"서울","중소형(60㎡초과 85㎡이하)","2021.03",165.7
"서울","중소형(60㎡초과 85㎡이하)","2021.04",166.8
"서울","중소형(60㎡초과 85㎡이하)","2021.05",169.2
"서울","중소형(60㎡초과 85㎡이하)","2021.06",173.3
"서울","중소형(60㎡초과 85㎡이하)","2021.07",176.0
"서울","중소형(60㎡초과 85㎡이하)","2021.08",179.0
"서울","중소형(60㎡초과 85㎡이하)","2021.09",182.4
"서울","중소형(60㎡초과 85㎡이하)","2021.10",184.0
"서울","중소형(60㎡초과 85㎡이하)","2021.11",180.2
"서울","중소형(60㎡초과 85㎡이하)","2021.12",178.9
"서울","중소형(60㎡초과 85㎡이하)","2022.01",177.6
"서울","중소형(60㎡초과 85㎡이하)","2022.02",174.2
"서울","중대형(85㎡초과 135㎡이하)","2014.01",77.4
"서울","중대형(85㎡초과 135㎡이하)","2014.02",78.1
"서울","중대형(85㎡초과 135㎡이하)","2014.03",78.3
"서울","중대형(85㎡초과 135㎡이하)","2014.04",78.6
"서울","중대형(85㎡초과 135㎡이하)","2014.05",78.5
"서울","중대형(85㎡초과 135㎡이하)","2014.06",78.0
"서울","중대형(85㎡초과 135㎡이하)","2014.07",78.3
"서울","중대형(85㎡초과 135㎡이하)","2014.08",79.0
"서울","중대형(85㎡초과 135㎡이하)","2014.09",79.9
"서울","중대형(85㎡초과 135㎡이하)","2014.10",80.2
"서울","중대형(85㎡초과 135㎡이하)","2014.11",79.7
"서울","중대형(85㎡초과 135㎡이하)","2014.12",79.9
"서울","중대형(85㎡초과 135㎡이하)","2015.01",80.8
"서울","중대형(85㎡초과 135㎡이하)","2015.02",81.0
"서울","중대형(85㎡초과 135㎡이하)","2015.03",82.0
"서울","중대형(85㎡초과 135㎡이하)","2015.04",82.5
"서울","중대형(85㎡초과 135㎡이하)","2015.05",83.4
"서울","중대형(85㎡초과 135㎡이하)","2015.06",83.5
"서울","중대형(85㎡초과 135㎡이하)","2015.07",84.3
"서울","중대형(85㎡초과 135㎡이하)","2015.08",85.0
"서울","중대형(85㎡초과 135㎡이하)","2015.09",85.4
"서울","중대형(85㎡초과 135㎡이하)","2015.10",86.0
"서울","중대형(85㎡초과 135㎡이하)","2015.11",86.2
"서울","중대형(85㎡초과 135㎡이하)","2015.12",85.9
"서울","중대형(85㎡초과 135㎡이하)","2016.01",85.8
"서울","중대형(85㎡초과 135㎡이하)","2016.02",85.8
"서울","중대형(85㎡초과 135㎡이하)","2016.03",85.9
"서울","중대형(85㎡초과 135㎡이하)","2016.04",86.2
"서울","중대형(85㎡초과 135㎡이하)","2016.05",86.7
"서울","중대형(85㎡초과 135㎡이하)","2016.06",87.7
"서울","중대형(85㎡초과 135㎡이하)","2016.07",88.8
"서울","중대형(85㎡초과 135㎡이하)","2016.08",90.1
"서울","중대형(85㎡초과 135㎡이하)","2016.09",91.0
"서울","중대형(85㎡초과 135㎡이하)","2016.10",92.0
"서울","중대형(85㎡초과 135㎡이하)","2016.11",92.1
"서울","중대형(85㎡초과 135㎡이하)","2016.12",91.5
"서울","중대형(85㎡초과 135㎡이하)","2017.01",91.8
"서울","중대형(85㎡초과 135㎡이하)","2017.02",91.6
"서울","중대형(85㎡초과 135㎡이하)","2017.03",92.5
"서울","중대형(85㎡초과 135㎡이하)","2017.04",92.5
"서울","중대형(85㎡초과 135㎡이하)","2017.05",93.9
"서울","중대형(85㎡초과 135㎡이하)","2017.06",95.5
"서울","중대형(85㎡초과 135㎡이하)","2017.07",97.5
"서울","중대형(85㎡초과 135㎡이하)","2017.08",97.6
"서울","중대형(85㎡초과 135㎡이하)","2017.09",97.9
"서울","중대형(85㎡초과 135㎡이하)","2017.10",99.3
"서울","중대형(85㎡초과 135㎡이하)","2017.11",100.0
"서울","중대형(85㎡초과 135㎡이하)","2017.12",101.1
"서울","중대형(85㎡초과 135㎡이하)","2018.01",103.3
"서울","중대형(85㎡초과 135㎡이하)","2018.02",105.0
"서울","중대형(85㎡초과 135㎡이하)","2018.03",106.1
"서울","중대형(85㎡초과 135㎡이하)","2018.04",107.8
"서울","중대형(85㎡초과 135㎡이하)","2018.05",108.6
"서울","중대형(85㎡초과 135㎡이하)","2018.06",109.1
"서울","중대형(85㎡초과 135㎡이하)","2018.07",110.6
"서울","중대형(85㎡초과 135㎡이하)","2018.08",115.8
"서울","중대형(85㎡초과 135㎡이하)","2018.09",121.3
"서울","중대형(85㎡초과 135㎡이하)","2018.10",122.3
"서울","중대형(85㎡초과 135㎡이하)","2018.11",120.6
"서울","중대형(85㎡초과 135㎡이하)","2018.12",118.3
"서울","중대형(85㎡초과 135㎡이하)","2019.01",118.2
"서울","중대형(85㎡초과 135㎡이하)","2019.02",116.3
"서울","중대형(85㎡초과 135㎡이하)","2019.03",115.5
"서울","중대형(85㎡초과 135㎡이하)","2019.04",115.8
"서울","중대형(85㎡초과 135㎡이하)","2019.05",116.7
"서울","중대형(85㎡초과 135㎡이하)","2019.06",120.1
"서울","중대형(85㎡초과 135㎡이하)","2019.07",122.4
"서울","중대형(85㎡초과 135㎡이하)","2019.08",123.8
"서울","중대형(85㎡초과 135㎡이하)","2019.09",125.9
"서울","중대형(85㎡초과 135㎡이하)","2019.10",128.2
"서울","중대형(85㎡초과 135㎡이하)","2019.11",130.6
"서울","중대형(85㎡초과 135㎡이하)","2019.12",132.3
"서울","중대형(85㎡초과 135㎡이하)","2020.01",132.3
"서울","중대형(85㎡초과 135㎡이하)","2020.02",133.7
"서울","중대형(85㎡초과 135㎡이하)","2020.03",135.3
"서울","중대형(85㎡초과 135㎡이하)","2020.04",133.7
"서울","중대형(85㎡초과 135㎡이하)","2020.05",133.5
"서울","중대형(85㎡초과 135㎡이하)","2020.06",139.1
"서울","중대형(85㎡초과 135㎡이하)","2020.07",144.9
"서울","중대형(85㎡초과 135㎡이하)","2020.08",149.6
"서울","중대형(85㎡초과 135㎡이하)","2020.09",152.4
"서울","중대형(85㎡초과 135㎡이하)","2020.10",152.1
"서울","중대형(85㎡초과 135㎡이하)","2020.11",155.3
"서울","중대형(85㎡초과 135㎡이하)","2020.12",159.2
"서울","중대형(85㎡초과 135㎡이하)","2021.01",164.2
"서울","중대형(85㎡초과 135㎡이하)","2021.02",167.8
"서울","중대형(85㎡초과 135㎡이하)","2021.03",169.2
"서울","중대형(85㎡초과 135㎡이하)","2021.04",169.7
"서울","중대형(85㎡초과 135㎡이하)","2021.05",171.8
"서울","중대형(85㎡초과 135㎡이하)","2021.06",177.7
"서울","중대형(85㎡초과 135㎡이하)","2021.07",181.5
"서울","중대형(85㎡초과 135㎡이하)","2021.08",182.7
"서울","중대형(85㎡초과 135㎡이하)","2021.09",187.5
"서울","중대형(85㎡초과 135㎡이하)","2021.10",188.0
"서울","중대형(85㎡초과 135㎡이하)","2021.11",187.4
"서울","중대형(85㎡초과 135㎡이하)","2021.12",182.2
"서울","중대형(85㎡초과 135㎡이하)","2022.01",186.8
"서울","중대형(85㎡초과 135㎡이하)","2022.02",183.3
"서울","대형(135㎡ 초과)","2014.01",78.0
"서울","대형(135㎡ 초과)","2014.02",78.7
"서울","대형(135㎡ 초과)","2014.03",79.9
"서울","대형(135㎡ 초과)","2014.04",79.2
"서울","대형(135㎡ 초과)","2014.05",80.6
"서울","대형(135㎡ 초과)","2014.06",80.2
"서울","대형(135㎡ 초과)","2014.07",80.5
"서울","대형(135㎡ 초과)","2014.08",81.5
"서울","대형(135㎡ 초과)","2014.09",81.3
"서울","대형(135㎡ 초과)","2014.10",81.5
"서울","대형(135㎡ 초과)","2014.11",82.5
"서울","대형(135㎡ 초과)","2014.12",82.7
"서울","대형(135㎡ 초과)","2015.01",83.1
"서울","대형(135㎡ 초과)","2015.02",83.9
"서울","대형(135㎡ 초과)","2015.03",84.3
"서울","대형(135㎡ 초과)","2015.04",84.8
"서울","대형(135㎡ 초과)","2015.05",84.8
"서울","대형(135㎡ 초과)","2015.06",85.3
"서울","대형(135㎡ 초과)","2015.07",85.9
"서울","대형(135㎡ 초과)","2015.08",87.0
"서울","대형(135㎡ 초과)","2015.09",87.1
"서울","대형(135㎡ 초과)","2015.10",87.4
"서울","대형(135㎡ 초과)","2015.11",88.1
"서울","대형(135㎡ 초과)","2015.12",88.1
"서울","대형(135㎡ 초과)","2016.01",87.9
"서울","대형(135㎡ 초과)","2016.02",87.6
"서울","대형(135㎡ 초과)","2016.03",87.2
"서울","대형(135㎡ 초과)","2016.04",88.2
"서울","대형(135㎡ 초과)","2016.05",88.3
"서울","대형(135㎡ 초과)","2016.06",89.3
"서울","대형(135㎡ 초과)","2016.07",90.8
"서울","대형(135㎡ 초과)","2016.08",91.8
"서울","대형(135㎡ 초과)","2016.09",92.6
"서울","대형(135㎡ 초과)","2016.10",93.6
"서울","대형(135㎡ 초과)","2016.11",93.0
"서울","대형(135㎡ 초과)","2016.12",92.6
"서울","대형(135㎡ 초과)","2017.01",92.5
"서울","대형(135㎡ 초과)","2017.02",92.6
"서울","대형(135㎡ 초과)","2017.03",93.7
"서울","대형(135㎡ 초과)","2017.04",94.7
"서울","대형(135㎡ 초과)","2017.05",95.5
"서울","대형(135㎡ 초과)","2017.06",97.1
"서울","대형(135㎡ 초과)","2017.07",98.7
"서울","대형(135㎡ 초과)","2017.08",98.0
"서울","대형(135㎡ 초과)","2017.09",98.8
"서울","대형(135㎡ 초과)","2017.10",99.8
"서울","대형(135㎡ 초과)","2017.11",100.0
"서울","대형(135㎡ 초과)","2017.12",100.9
"서울","대형(135㎡ 초과)","2018.01",103.9
"서울","대형(135㎡ 초과)","2018.02",105.5
"서울","대형(135㎡ 초과)","2018.03",107.0
"서울","대형(135㎡ 초과)","2018.04",107.3
"서울","대형(135㎡ 초과)","2018.05",107.8
"서울","대형(135㎡ 초과)","2018.06",107.7
"서울","대형(135㎡ 초과)","2018.07",110.8
"서울","대형(135㎡ 초과)","2018.08",113.7
"서울","대형(135㎡ 초과)","2018.09",116.6
"서울","대형(135㎡ 초과)","2018.10",117.5
"서울","대형(135㎡ 초과)","2018.11",115.3
"서울","대형(135㎡ 초과)","2018.12",116.4
"서울","대형(135㎡ 초과)","2019.01",111.9
"서울","대형(135㎡ 초과)","2019.02",111.6
"서울","대형(135㎡ 초과)","2019.03",111.9
"서울","대형(135㎡ 초과)","2019.04",111.7
"서울","대형(135㎡ 초과)","2019.05",114.2
"서울","대형(135㎡ 초과)","2019.06",117.0
"서울","대형(135㎡ 초과)","2019.07",119.7
"서울","대형(135㎡ 초과)","2019.08",122.1
"서울","대형(135㎡ 초과)","2019.09",121.9
"서울","대형(135㎡ 초과)","2019.10",125.0
"서울","대형(135㎡ 초과)","2019.11",126.9
"서울","대형(135㎡ 초과)","2019.12",129.5
"서울","대형(135㎡ 초과)","2020.01",126.9
"서울","대형(135㎡ 초과)","2020.02",127.5
"서울","대형(135㎡ 초과)","2020.03",127.7
"서울","대형(135㎡ 초과)","2020.04",126.1
"서울","대형(135㎡ 초과)","2020.05",123.6
"서울","대형(135㎡ 초과)","2020.06",129.6
"서울","대형(135㎡ 초과)","2020.07",135.8
"서울","대형(135㎡ 초과)","2020.08",136.8
"서울","대형(135㎡ 초과)","2020.09",140.0
"서울","대형(135㎡ 초과)","2020.10",140.1
"서울","대형(135㎡ 초과)","2020.11",142.1
"서울","대형(135㎡ 초과)","2020.12",144.9
"서울","대형(135㎡ 초과)","2021.01",149.6
"서울","대형(135㎡ 초과)","2021.02",151.5
"서울","대형(135㎡ 초과)","2021.03",150.3
"서울","대형(135㎡ 초과)","2021.04",153.4
"서울","대형(135㎡ 초과)","2021.05",156.1
"서울","대형(135㎡ 초과)","2021.06",161.7
"서울","대형(135㎡ 초과)","2021.07",164.3
"서울","대형(135㎡ 초과)","2021.08",166.5
"서울","대형(135㎡ 초과)","2021.09",171.9
"서울","대형(135㎡ 초과)","2021.10",173.3
"서울","대형(135㎡ 초과)","2021.11",173.5
"서울","대형(135㎡ 초과)","2021.12",176.5
"서울","대형(135㎡ 초과)","2022.01",172.9
"서울","대형(135㎡ 초과)","2022.02",170.8
"수도권","초소형(40㎡ 이하)","2014.01",81.6
"수도권","초소형(40㎡ 이하)","2014.02",82.2
"수도권","초소형(40㎡ 이하)","2014.03",82.3
"수도권","초소형(40㎡ 이하)","2014.04",82.4
"수도권","초소형(40㎡ 이하)","2014.05",81.3
"수도권","초소형(40㎡ 이하)","2014.06",81.9
"수도권","초소형(40㎡ 이하)","2014.07",82.0
"수도권","초소형(40㎡ 이하)","2014.08",82.2
"수도권","초소형(40㎡ 이하)","2014.09",83.1
"수도권","초소형(40㎡ 이하)","2014.10",83.9
"수도권","초소형(40㎡ 이하)","2014.11",84.1
"수도권","초소형(40㎡ 이하)","2014.12",83.7
"수도권","초소형(40㎡ 이하)","2015.01",84.4
"수도권","초소형(40㎡ 이하)","2015.02",85.4
"수도권","초소형(40㎡ 이하)","2015.03",86.4
"수도권","초소형(40㎡ 이하)","2015.04",86.8
"수도권","초소형(40㎡ 이하)","2015.05",87.7
"수도권","초소형(40㎡ 이하)","2015.06",88.1
"수도권","초소형(40㎡ 이하)","2015.07",89.3
"수도권","초소형(40㎡ 이하)","2015.08",90.0
"수도권","초소형(40㎡ 이하)","2015.09",90.9
"수도권","초소형(40㎡ 이하)","2015.10",91.1
"수도권","초소형(40㎡ 이하)","2015.11",91.6
"수도권","초소형(40㎡ 이하)","2015.12",91.2
"수도권","초소형(40㎡ 이하)","2016.01",91.4
"수도권","초소형(40㎡ 이하)","2016.02",90.9
"수도권","초소형(40㎡ 이하)","2016.03",91.1
"수도권","초소형(40㎡ 이하)","2016.04",91.7
"수도권","초소형(40㎡ 이하)","2016.05",92.4
"수도권","초소형(40㎡ 이하)","2016.06",93.5
"수도권","초소형(40㎡ 이하)","2016.07",94.9
"수도권","초소형(40㎡ 이하)","2016.08",96.5
"수도권","초소형(40㎡ 이하)","2016.09",97.5
"수도권","초소형(40㎡ 이하)","2016.10",97.9
"수도권","초소형(40㎡ 이하)","2016.11",97.7
"수도권","초소형(40㎡ 이하)","2016.12",97.1
"수도권","초소형(40㎡ 이하)","2017.01",96.8
"수도권","초소형(40㎡ 이하)","2017.02",96.8
"수도권","초소형(40㎡ 이하)","2017.03",97.4
"수도권","초소형(40㎡ 이하)","2017.04",97.5
"수도권","초소형(40㎡ 이하)","2017.05",98.0
"수도권","초소형(40㎡ 이하)","2017.06",99.1
"수도권","초소형(40㎡ 이하)","2017.07",100.5
"수도권","초소형(40㎡ 이하)","2017.08",100.4
"수도권","초소형(40㎡ 이하)","2017.09",100.6
"수도권","초소형(40㎡ 이하)","2017.10",101.2
"수도권","초소형(40㎡ 이하)","2017.11",100.0
"수도권","초소형(40㎡ 이하)","2017.12",99.7
"수도권","초소형(40㎡ 이하)","2018.01",100.5
"수도권","초소형(40㎡ 이하)","2018.02",100.8
"수도권","초소형(40㎡ 이하)","2018.03",100.3
"수도권","초소형(40㎡ 이하)","2018.04",100.0
"수도권","초소형(40㎡ 이하)","2018.05",98.9
"수도권","초소형(40㎡ 이하)","2018.06",99.0
"수도권","초소형(40㎡ 이하)","2018.07",98.5
"수도권","초소형(40㎡ 이하)","2018.08",100.3
"수도권","초소형(40㎡ 이하)","2018.09",103.1
"수도권","초소형(40㎡ 이하)","2018.10",102.2
"수도권","초소형(40㎡ 이하)","2018.11",101.0
"수도권","초소형(40㎡ 이하)","2018.12",100.3
"수도권","초소형(40㎡ 이하)","2019.01",99.9
"수도권","초소형(40㎡ 이하)","2019.02",99.5
"수도권","초소형(40㎡ 이하)","2019.03",97.6
"수도권","초소형(40㎡ 이하)","2019.04",97.9
"수도권","초소형(40㎡ 이하)","2019.05",98.4
"수도권","초소형(40㎡ 이하)","2019.06",98.3
"수도권","초소형(40㎡ 이하)","2019.07",98.8
"수도권","초소형(40㎡ 이하)","2019.08",99.3
"수도권","초소형(40㎡ 이하)","2019.09",98.6
"수도권","초소형(40㎡ 이하)","2019.10",99.3
"수도권","초소형(40㎡ 이하)","2019.11",99.5
"수도권","초소형(40㎡ 이하)","2019.12",100.1
"수도권","초소형(40㎡ 이하)","2020.01",101.1
"수도권","초소형(40㎡ 이하)","2020.02",101.7
"수도권","초소형(40㎡ 이하)","2020.03",104.1
"수도권","초소형(40㎡ 이하)","2020.04",102.7
"수도권","초소형(40㎡ 이하)","2020.05",103.4
"수도권","초소형(40㎡ 이하)","2020.06",104.5
"수도권","초소형(40㎡ 이하)","2020.07",106.7
"수도권","초소형(40㎡ 이하)","2020.08",107.6
"수도권","초소형(40㎡ 이하)","2020.09",106.6
"수도권","초소형(40㎡ 이하)","2020.10",106.9
"수도권","초소형(40㎡ 이하)","2020.11",106.9
"수도권","초소형(40㎡ 이하)","2020.12",107.4
"수도권","초소형(40㎡ 이하)","2021.01",110.0
"수도권","초소형(40㎡ 이하)","2021.02",112.1
"수도권","초소형(40㎡ 이하)","2021.03",113.7
"수도권","초소형(40㎡ 이하)","2021.04",114.4
"수도권","초소형(40㎡ 이하)","2021.05",116.4
"수도권","초소형(40㎡ 이하)","2021.06",117.6
"수도권","초소형(40㎡ 이하)","2021.07",121.4
"수도권","초소형(40㎡ 이하)","2021.08",125.0
"수도권","초소형(40㎡ 이하)","2021.09",127.0
"수도권","초소형(40㎡ 이하)","2021.10",129.1
"수도권","초소형(40㎡ 이하)","2021.11",128.7
"수도권","초소형(40㎡ 이하)","2021.12",128.1
"수도권","초소형(40㎡ 이하)","2022.01",128.3
"수도권","초소형(40㎡ 이하)","2022.02",127.2
"수도권","소형(40㎡초과 60㎡이하)","2014.01",80.1
"수도권","소형(40㎡초과 60㎡이하)","2014.02",80.7
"수도권","소형(40㎡초과 60㎡이하)","2014.03",81.1
"수도권","소형(40㎡초과 60㎡이하)","2014.04",80.9
"수도권","소형(40㎡초과 60㎡이하)","2014.05",80.8
"수도권","소형(40㎡초과 60㎡이하)","2014.06",80.8
"수도권","소형(40㎡초과 60㎡이하)","2014.07",80.9
"수도권","소형(40㎡초과 60㎡이하)","2014.08",81.4
"수도권","소형(40㎡초과 60㎡이하)","2014.09",82.0
"수도권","소형(40㎡초과 60㎡이하)","2014.10",82.4
"수도권","소형(40㎡초과 60㎡이하)","2014.11",82.5
"수도권","소형(40㎡초과 60㎡이하)","2014.12",82.7
"수도권","소형(40㎡초과 60㎡이하)","2015.01",83.3
"수도권","소형(40㎡초과 60㎡이하)","2015.02",83.9
"수도권","소형(40㎡초과 60㎡이하)","2015.03",84.9
"수도권","소형(40㎡초과 60㎡이하)","2015.04",85.8
"수도권","소형(40㎡초과 60㎡이하)","2015.05",86.6
"수도권","소형(40㎡초과 60㎡이하)","2015.06",87.2
"수도권","소형(40㎡초과 60㎡이하)","2015.07",88.4
"수도권","소형(40㎡초과 60㎡이하)","2015.08",89.2
"수도권","소형(40㎡초과 60㎡이하)","2015.09",89.9
"수도권","소형(40㎡초과 60㎡이하)","2015.10",90.4
"수도권","소형(40㎡초과 60㎡이하)","2015.11",90.7
"수도권","소형(40㎡초과 60㎡이하)","2015.12",90.1
"수도권","소형(40㎡초과 60㎡이하)","2016.01",90.1
"수도권","소형(40㎡초과 60㎡이하)","2016.02",90.4
"수도권","소형(40㎡초과 60㎡이하)","2016.03",90.6
"수도권","소형(40㎡초과 60㎡이하)","2016.04",90.9
"수도권","소형(40㎡초과 60㎡이하)","2016.05",91.4
"수도권","소형(40㎡초과 60㎡이하)","2016.06",92.2
"수도권","소형(40㎡초과 60㎡이하)","2016.07",93.2
"수도권","소형(40㎡초과 60㎡이하)","2016.08",94.4
"수도권","소형(40㎡초과 60㎡이하)","2016.09",95.4
"수도권","소형(40㎡초과 60㎡이하)","2016.10",96.3
"수도권","소형(40㎡초과 60㎡이하)","2016.11",96.5
"수도권","소형(40㎡초과 60㎡이하)","2016.12",96.0
"수도권","소형(40㎡초과 60㎡이하)","2017.01",95.8
"수도권","소형(40㎡초과 60㎡이하)","2017.02",96.0
"수도권","소형(40㎡초과 60㎡이하)","2017.03",96.2
"수도권","소형(40㎡초과 60㎡이하)","2017.04",96.3
"수도권","소형(40㎡초과 60㎡이하)","2017.05",97.0
"수도권","소형(40㎡초과 60㎡이하)","2017.06",98.2
"수도권","소형(40㎡초과 60㎡이하)","2017.07",99.7
"수도권","소형(40㎡초과 60㎡이하)","2017.08",100.1
"수도권","소형(40㎡초과 60㎡이하)","2017.09",100.3
"수도권","소형(40㎡초과 60㎡이하)","2017.10",100.6
"수도권","소형(40㎡초과 60㎡이하)","2017.11",100.0
"수도권","소형(40㎡초과 60㎡이하)","2017.12",99.8
"수도권","소형(40㎡초과 60㎡이하)","2018.01",100.3
"수도권","소형(40㎡초과 60㎡이하)","2018.02",100.9
"수도권","소형(40㎡초과 60㎡이하)","2018.03",101.3
"수도권","소형(40㎡초과 60㎡이하)","2018.04",101.5
"수도권","소형(40㎡초과 60㎡이하)","2018.05",101.4
"수도권","소형(40㎡초과 60㎡이하)","2018.06",101.4
"수도권","소형(40㎡초과 60㎡이하)","2018.07",101.4
"수도권","소형(40㎡초과 60㎡이하)","2018.08",103.4
"수도권","소형(40㎡초과 60㎡이하)","2018.09",106.1
"수도권","소형(40㎡초과 60㎡이하)","2018.10",106.6
"수도권","소형(40㎡초과 60㎡이하)","2018.11",105.5
"수도권","소형(40㎡초과 60㎡이하)","2018.12",105.1
"수도권","소형(40㎡초과 60㎡이하)","2019.01",104.4
"수도권","소형(40㎡초과 60㎡이하)","2019.02",103.8
"수도권","소형(40㎡초과 60㎡이하)","2019.03",103.2
"수도권","소형(40㎡초과 60㎡이하)","2019.04",102.8
"수도권","소형(40㎡초과 60㎡이하)","2019.05",102.6
"수도권","소형(40㎡초과 60㎡이하)","2019.06",103.4
"수도권","소형(40㎡초과 60㎡이하)","2019.07",104.0
"수도권","소형(40㎡초과 60㎡이하)","2019.08",104.3
"수도권","소형(40㎡초과 60㎡이하)","2019.09",104.5
"수도권","소형(40㎡초과 60㎡이하)","2019.10",105.1
"수도권","소형(40㎡초과 60㎡이하)","2019.11",105.8
"수도권","소형(40㎡초과 60㎡이하)","2019.12",106.8
"수도권","소형(40㎡초과 60㎡이하)","2020.01",107.9
"수도권","소형(40㎡초과 60㎡이하)","2020.02",110.4
"수도권","소형(40㎡초과 60㎡이하)","2020.03",112.2
"수도권","소형(40㎡초과 60㎡이하)","2020.04",112.4
"수도권","소형(40㎡초과 60㎡이하)","2020.05",113.4
"수도권","소형(40㎡초과 60㎡이하)","2020.06",115.4
"수도권","소형(40㎡초과 60㎡이하)","2020.07",118.8
"수도권","소형(40㎡초과 60㎡이하)","2020.08",120.4
"수도권","소형(40㎡초과 60㎡이하)","2020.09",120.9
"수도권","소형(40㎡초과 60㎡이하)","2020.10",121.5
"수도권","소형(40㎡초과 60㎡이하)","2020.11",123.4
"수도권","소형(40㎡초과 60㎡이하)","2020.12",125.8
"수도권","소형(40㎡초과 60㎡이하)","2021.01",130.2
"수도권","소형(40㎡초과 60㎡이하)","2021.02",133.8
"수도권","소형(40㎡초과 60㎡이하)","2021.03",137.1
"수도권","소형(40㎡초과 60㎡이하)","2021.04",139.9
"수도권","소형(40㎡초과 60㎡이하)","2021.05",143.6
"수도권","소형(40㎡초과 60㎡이하)","2021.06",148.4
"수도권","소형(40㎡초과 60㎡이하)","2021.07",153.5
"수도권","소형(40㎡초과 60㎡이하)","2021.08",159.6
"수도권","소형(40㎡초과 60㎡이하)","2021.09",164.1
"수도권","소형(40㎡초과 60㎡이하)","2021.10",166.8
"수도권","소형(40㎡초과 60㎡이하)","2021.11",166.8
"수도권","소형(40㎡초과 60㎡이하)","2021.12",164.6
"수도권","소형(40㎡초과 60㎡이하)","2022.01",162.6
"수도권","소형(40㎡초과 60㎡이하)","2022.02",162.9
"수도권","중소형(60㎡초과 85㎡이하)","2014.01",81.8
"수도권","중소형(60㎡초과 85㎡이하)","2014.02",82.4
"수도권","중소형(60㎡초과 85㎡이하)","2014.03",82.8
"수도권","중소형(60㎡초과 85㎡이하)","2014.04",82.7
"수도권","중소형(60㎡초과 85㎡이하)","2014.05",82.7
"수도권","중소형(60㎡초과 85㎡이하)","2014.06",82.7
"수도권","중소형(60㎡초과 85㎡이하)","2014.07",82.9
"수도권","중소형(60㎡초과 85㎡이하)","2014.08",83.5
"수도권","중소형(60㎡초과 85㎡이하)","2014.09",84.2
"수도권","중소형(60㎡초과 85㎡이하)","2014.10",84.6
"수도권","중소형(60㎡초과 85㎡이하)","2014.11",84.7
"수도권","중소형(60㎡초과 85㎡이하)","2014.12",84.8
"수도권","중소형(60㎡초과 85㎡이하)","2015.01",85.2
"수도권","중소형(60㎡초과 85㎡이하)","2015.02",85.9
"수도권","중소형(60㎡초과 85㎡이하)","2015.03",86.8
"수도권","중소형(60㎡초과 85㎡이하)","2015.04",87.7
"수도권","중소형(60㎡초과 85㎡이하)","2015.05",88.3
"수도권","중소형(60㎡초과 85㎡이하)","2015.06",89.0
"수도권","중소형(60㎡초과 85㎡이하)","2015.07",89.8
"수도권","중소형(60㎡초과 85㎡이하)","2015.08",90.4
"수도권","중소형(60㎡초과 85㎡이하)","2015.09",91.1
"수도권","중소형(60㎡초과 85㎡이하)","2015.10",91.6
"수도권","중소형(60㎡초과 85㎡이하)","2015.11",91.7
"수도권","중소형(60㎡초과 85㎡이하)","2015.12",91.3
"수도권","중소형(60㎡초과 85㎡이하)","2016.01",91.1
"수도권","중소형(60㎡초과 85㎡이하)","2016.02",91.2
"수도권","중소형(60㎡초과 85㎡이하)","2016.03",91.2
"수도권","중소형(60㎡초과 85㎡이하)","2016.04",91.4
"수도권","중소형(60㎡초과 85㎡이하)","2016.05",91.8
"수도권","중소형(60㎡초과 85㎡이하)","2016.06",92.5
"수도권","중소형(60㎡초과 85㎡이하)","2016.07",93.3
"수도권","중소형(60㎡초과 85㎡이하)","2016.08",94.2
"수도권","중소형(60㎡초과 85㎡이하)","2016.09",95.1
"수도권","중소형(60㎡초과 85㎡이하)","2016.10",96.2
"수도권","중소형(60㎡초과 85㎡이하)","2016.11",96.1
"수도권","중소형(60㎡초과 85㎡이하)","2016.12",95.8
"수도권","중소형(60㎡초과 85㎡이하)","2017.01",95.6
"수도권","중소형(60㎡초과 85㎡이하)","2017.02",95.6
"수도권","중소형(60㎡초과 85㎡이하)","2017.03",96.0
"수도권","중소형(60㎡초과 85㎡이하)","2017.04",96.0
"수도권","중소형(60㎡초과 85㎡이하)","2017.05",96.6
"수도권","중소형(60㎡초과 85㎡이하)","2017.06",97.6
"수도권","중소형(60㎡초과 85㎡이하)","2017.07",98.8
"수도권","중소형(60㎡초과 85㎡이하)","2017.08",99.4
"수도권","중소형(60㎡초과 85㎡이하)","2017.09",99.7
"수도권","중소형(60㎡초과 85㎡이하)","2017.10",100.2
"수도권","중소형(60㎡초과 85㎡이하)","2017.11",100.0
"수도권","중소형(60㎡초과 85㎡이하)","2017.12",99.9
"수도권","중소형(60㎡초과 85㎡이하)","2018.01",100.6
"수도권","중소형(60㎡초과 85㎡이하)","2018.02",101.6
"수도권","중소형(60㎡초과 85㎡이하)","2018.03",102.2
"수도권","중소형(60㎡초과 85㎡이하)","2018.04",102.6
"수도권","중소형(60㎡초과 85㎡이하)","2018.05",102.9
"수도권","중소형(60㎡초과 85㎡이하)","2018.06",103.0
"수도권","중소형(60㎡초과 85㎡이하)","2018.07",103.7
"수도권","중소형(60㎡초과 85㎡이하)","2018.08",105.8
"수도권","중소형(60㎡초과 85㎡이하)","2018.09",107.9
"수도권","중소형(60㎡초과 85㎡이하)","2018.10",108.4
"수도권","중소형(60㎡초과 85㎡이하)","2018.11",108.0
"수도권","중소형(60㎡초과 85㎡이하)","2018.12",107.5
"수도권","중소형(60㎡초과 85㎡이하)","2019.01",107.1
"수도권","중소형(60㎡초과 85㎡이하)","2019.02",106.6
"수도권","중소형(60㎡초과 85㎡이하)","2019.03",106.3
"수도권","중소형(60㎡초과 85㎡이하)","2019.04",106.1
"수도권","중소형(60㎡초과 85㎡이하)","2019.05",106.2
"수도권","중소형(60㎡초과 85㎡이하)","2019.06",106.8
"수도권","중소형(60㎡초과 85㎡이하)","2019.07",107.7
"수도권","중소형(60㎡초과 85㎡이하)","2019.08",108.3
"수도권","중소형(60㎡초과 85㎡이하)","2019.09",109.1
"수도권","중소형(60㎡초과 85㎡이하)","2019.10",109.8
"수도권","중소형(60㎡초과 85㎡이하)","2019.11",110.7
"수도권","중소형(60㎡초과 85㎡이하)","2019.12",111.7
"수도권","중소형(60㎡초과 85㎡이하)","2020.01",112.9
"수도권","중소형(60㎡초과 85㎡이하)","2020.02",115.5
"수도권","중소형(60㎡초과 85㎡이하)","2020.03",117.8
"수도권","중소형(60㎡초과 85㎡이하)","2020.04",118.3
"수도권","중소형(60㎡초과 85㎡이하)","2020.05",119.6
"수도권","중소형(60㎡초과 85㎡이하)","2020.06",122.2
"수도권","중소형(60㎡초과 85㎡이하)","2020.07",126.0
"수도권","중소형(60㎡초과 85㎡이하)","2020.08",128.2
"수도권","중소형(60㎡초과 85㎡이하)","2020.09",129.2
"수도권","중소형(60㎡초과 85㎡이하)","2020.10",131.2
"수도권","중소형(60㎡초과 85㎡이하)","2020.11",134.0
"수도권","중소형(60㎡초과 85㎡이하)","2020.12",137.4
"수도권","중소형(60㎡초과 85㎡이하)","2021.01",142.0
"수도권","중소형(60㎡초과 85㎡이하)","2021.02",146.0
"수도권","중소형(60㎡초과 85㎡이하)","2021.03",149.3
"수도권","중소형(60㎡초과 85㎡이하)","2021.04",151.9
"수도권","중소형(60㎡초과 85㎡이하)","2021.05",154.9
"수도권","중소형(60㎡초과 85㎡이하)","2021.06",159.4
"수도권","중소형(60㎡초과 85㎡이하)","2021.07",163.7
"수도권","중소형(60㎡초과 85㎡이하)","2021.08",168.3
"수도권","중소형(60㎡초과 85㎡이하)","2021.09",172.6
"수도권","중소형(60㎡초과 85㎡이하)","2021.10",173.9
"수도권","중소형(60㎡초과 85㎡이하)","2021.11",173.4
"수도권","중소형(60㎡초과 85㎡이하)","2021.12",170.0
"수도권","중소형(60㎡초과 85㎡이하)","2022.01",168.5
"수도권","중소형(60㎡초과 85㎡이하)","2022.02",168.1
"수도권","중대형(85㎡초과 135㎡이하)","2014.01",82.9
"수도권","중대형(85㎡초과 135㎡이하)","2014.02",83.5
"수도권","중대형(85㎡초과 135㎡이하)","2014.03",83.8
"수도권","중대형(85㎡초과 135㎡이하)","2014.04",84.0
"수도권","중대형(85㎡초과 135㎡이하)","2014.05",83.7
"수도권","중대형(85㎡초과 135㎡이하)","2014.06",83.6
"수도권","중대형(85㎡초과 135㎡이하)","2014.07",83.9
"수도권","중대형(85㎡초과 135㎡이하)","2014.08",84.4
"수도권","중대형(85㎡초과 135㎡이하)","2014.09",85.4
"수도권","중대형(85㎡초과 135㎡이하)","2014.10",85.7
"수도권","중대형(85㎡초과 135㎡이하)","2014.11",85.8
"수도권","중대형(85㎡초과 135㎡이하)","2014.12",85.8
"수도권","중대형(85㎡초과 135㎡이하)","2015.01",86.3
"수도권","중대형(85㎡초과 135㎡이하)","2015.02",86.8
"수도권","중대형(85㎡초과 135㎡이하)","2015.03",87.6
"수도권","중대형(85㎡초과 135㎡이하)","2015.04",88.2
"수도권","중대형(85㎡초과 135㎡이하)","2015.05",89.0
"수도권","중대형(85㎡초과 135㎡이하)","2015.06",89.2
"수도권","중대형(85㎡초과 135㎡이하)","2015.07",89.8
"수도권","중대형(85㎡초과 135㎡이하)","2015.08",90.4
"수도권","중대형(85㎡초과 135㎡이하)","2015.09",90.9
"수도권","중대형(85㎡초과 135㎡이하)","2015.10",91.4
"수도권","중대형(85㎡초과 135㎡이하)","2015.11",91.3
"수도권","중대형(85㎡초과 135㎡이하)","2015.12",90.9
"수도권","중대형(85㎡초과 135㎡이하)","2016.01",90.8
"수도권","중대형(85㎡초과 135㎡이하)","2016.02",90.9
"수도권","중대형(85㎡초과 135㎡이하)","2016.03",90.8
"수도권","중대형(85㎡초과 135㎡이하)","2016.04",91.1
"수도권","중대형(85㎡초과 135㎡이하)","2016.05",91.4
"수도권","중대형(85㎡초과 135㎡이하)","2016.06",92.0
"수도권","중대형(85㎡초과 135㎡이하)","2016.07",92.8
"수도권","중대형(85㎡초과 135㎡이하)","2016.08",93.6
"수도권","중대형(85㎡초과 135㎡이하)","2016.09",94.6
"수도권","중대형(85㎡초과 135㎡이하)","2016.10",95.3
"수도권","중대형(85㎡초과 135㎡이하)","2016.11",95.4
"수도권","중대형(85㎡초과 135㎡이하)","2016.12",95.3
"수도권","중대형(85㎡초과 135㎡이하)","2017.01",95.2
"수도권","중대형(85㎡초과 135㎡이하)","2017.02",95.1
"수도권","중대형(85㎡초과 135㎡이하)","2017.03",95.5
"수도권","중대형(85㎡초과 135㎡이하)","2017.04",95.5
"수도권","중대형(85㎡초과 135㎡이하)","2017.05",96.2
"수도권","중대형(85㎡초과 135㎡이하)","2017.06",97.2
"수도권","중대형(85㎡초과 135㎡이하)","2017.07",98.4
"수도권","중대형(85㎡초과 135㎡이하)","2017.08",98.9
"수도권","중대형(85㎡초과 135㎡이하)","2017.09",99.2
"수도권","중대형(85㎡초과 135㎡이하)","2017.10",100.0
"수도권","중대형(85㎡초과 135㎡이하)","2017.11",100.0
"수도권","중대형(85㎡초과 135㎡이하)","2017.12",100.1
"수도권","중대형(85㎡초과 135㎡이하)","2018.01",101.3
"수도권","중대형(85㎡초과 135㎡이하)","2018.02",102.4
"수도권","중대형(85㎡초과 135㎡이하)","2018.03",103.1
"수도권","중대형(85㎡초과 135㎡이하)","2018.04",103.5
"수도권","중대형(85㎡초과 135㎡이하)","2018.05",104.1
"수도권","중대형(85㎡초과 135㎡이하)","2018.06",104.4
"수도권","중대형(85㎡초과 135㎡이하)","2018.07",105.1
"수도권","중대형(85㎡초과 135㎡이하)","2018.08",107.9
"수도권","중대형(85㎡초과 135㎡이하)","2018.09",109.8
"수도권","중대형(85㎡초과 135㎡이하)","2018.10",110.4
"수도권","중대형(85㎡초과 135㎡이하)","2018.11",110.2
"수도권","중대형(85㎡초과 135㎡이하)","2018.12",109.5
"수도권","중대형(85㎡초과 135㎡이하)","2019.01",109.9
"수도권","중대형(85㎡초과 135㎡이하)","2019.02",108.9
"수도권","중대형(85㎡초과 135㎡이하)","2019.03",108.5
"수도권","중대형(85㎡초과 135㎡이하)","2019.04",108.8
"수도권","중대형(85㎡초과 135㎡이하)","2019.05",108.5
"수도권","중대형(85㎡초과 135㎡이하)","2019.06",109.9
"수도권","중대형(85㎡초과 135㎡이하)","2019.07",110.9
"수도권","중대형(85㎡초과 135㎡이하)","2019.08",111.5
"수도권","중대형(85㎡초과 135㎡이하)","2019.09",112.6
"수도권","중대형(85㎡초과 135㎡이하)","2019.10",113.9
"수도권","중대형(85㎡초과 135㎡이하)","2019.11",114.8
"수도권","중대형(85㎡초과 135㎡이하)","2019.12",115.8
"수도권","중대형(85㎡초과 135㎡이하)","2020.01",116.7
"수도권","중대형(85㎡초과 135㎡이하)","2020.02",119.2
"수도권","중대형(85㎡초과 135㎡이하)","2020.03",121.7
"수도권","중대형(85㎡초과 135㎡이하)","2020.04",122.3
"수도권","중대형(85㎡초과 135㎡이하)","2020.05",123.5
"수도권","중대형(85㎡초과 135㎡이하)","2020.06",126.9
"수도권","중대형(85㎡초과 135㎡이하)","2020.07",131.2
"수도권","중대형(85㎡초과 135㎡이하)","2020.08",133.5
"수도권","중대형(85㎡초과 135㎡이하)","2020.09",135.5
"수도권","중대형(85㎡초과 135㎡이하)","2020.10",138.0
"수도권","중대형(85㎡초과 135㎡이하)","2020.11",141.9
"수도권","중대형(85㎡초과 135㎡이하)","2020.12",145.7
"수도권","중대형(85㎡초과 135㎡이하)","2021.01",150.9
"수도권","중대형(85㎡초과 135㎡이하)","2021.02",155.1
"수도권","중대형(85㎡초과 135㎡이하)","2021.03",158.4
"수도권","중대형(85㎡초과 135㎡이하)","2021.04",161.0
"수도권","중대형(85㎡초과 135㎡이하)","2021.05",163.2
"수도권","중대형(85㎡초과 135㎡이하)","2021.06",168.7
"수도권","중대형(85㎡초과 135㎡이하)","2021.07",172.4
"수도권","중대형(85㎡초과 135㎡이하)","2021.08",177.0
"수도권","중대형(85㎡초과 135㎡이하)","2021.09",181.3
"수도권","중대형(85㎡초과 135㎡이하)","2021.10",182.1
"수도권","중대형(85㎡초과 135㎡이하)","2021.11",181.3
"수도권","중대형(85㎡초과 135㎡이하)","2021.12",177.9
"수도권","중대형(85㎡초과 135㎡이하)","2022.01",178.2
"수도권","중대형(85㎡초과 135㎡이하)","2022.02",174.4
"수도권","대형(135㎡ 초과)","2014.01",83.1
"수도권","대형(135㎡ 초과)","2014.02",83.7
"수도권","대형(135㎡ 초과)","2014.03",84.7
"수도권","대형(135㎡ 초과)","2014.04",84.0
"수도권","대형(135㎡ 초과)","2014.05",84.8
"수도권","대형(135㎡ 초과)","2014.06",84.8
"수도권","대형(135㎡ 초과)","2014.07",84.9
"수도권","대형(135㎡ 초과)","2014.08",85.8
"수도권","대형(135㎡ 초과)","2014.09",86.1
"수도권","대형(135㎡ 초과)","2014.10",86.4
"수도권","대형(135㎡ 초과)","2014.11",87.1
"수도권","대형(135㎡ 초과)","2014.12",87.0
"수도권","대형(135㎡ 초과)","2015.01",87.4
"수도권","대형(135㎡ 초과)","2015.02",88.3
"수도권","대형(135㎡ 초과)","2015.03",88.6
"수도권","대형(135㎡ 초과)","2015.04",89.0
"수도권","대형(135㎡ 초과)","2015.05",89.4
"수도권","대형(135㎡ 초과)","2015.06",89.7
"수도권","대형(135㎡ 초과)","2015.07",90.3
"수도권","대형(135㎡ 초과)","2015.08",90.7
"수도권","대형(135㎡ 초과)","2015.09",91.6
"수도권","대형(135㎡ 초과)","2015.10",91.9
"수도권","대형(135㎡ 초과)","2015.11",92.5
"수도권","대형(135㎡ 초과)","2015.12",91.6
"수도권","대형(135㎡ 초과)","2016.01",91.8
"수도권","대형(135㎡ 초과)","2016.02",92.1
"수도권","대형(135㎡ 초과)","2016.03",91.7
"수도권","대형(135㎡ 초과)","2016.04",92.0
"수도권","대형(135㎡ 초과)","2016.05",92.1
"수도권","대형(135㎡ 초과)","2016.06",92.5
"수도권","대형(135㎡ 초과)","2016.07",93.6
"수도권","대형(135㎡ 초과)","2016.08",94.5
"수도권","대형(135㎡ 초과)","2016.09",94.8
"수도권","대형(135㎡ 초과)","2016.10",95.7
"수도권","대형(135㎡ 초과)","2016.11",95.6
"수도권","대형(135㎡ 초과)","2016.12",94.9
"수도권","대형(135㎡ 초과)","2017.01",94.7
"수도권","대형(135㎡ 초과)","2017.02",95.3
"수도권","대형(135㎡ 초과)","2017.03",95.8
"수도권","대형(135㎡ 초과)","2017.04",96.3
"수도권","대형(135㎡ 초과)","2017.05",97.1
"수도권","대형(135㎡ 초과)","2017.06",97.9
"수도권","대형(135㎡ 초과)","2017.07",99.1
"수도권","대형(135㎡ 초과)","2017.08",99.6
"수도권","대형(135㎡ 초과)","2017.09",99.7
"수도권","대형(135㎡ 초과)","2017.10",100.2
"수도권","대형(135㎡ 초과)","2017.11",100.0
"수도권","대형(135㎡ 초과)","2017.12",100.6
"수도권","대형(135㎡ 초과)","2018.01",102.2
"수도권","대형(135㎡ 초과)","2018.02",103.4
"수도권","대형(135㎡ 초과)","2018.03",104.3
"수도권","대형(135㎡ 초과)","2018.04",104.6
"수도권","대형(135㎡ 초과)","2018.05",105.1
"수도권","대형(135㎡ 초과)","2018.06",105.5
"수도권","대형(135㎡ 초과)","2018.07",107.1
"수도권","대형(135㎡ 초과)","2018.08",109.0
"수도권","대형(135㎡ 초과)","2018.09",110.8
"수도권","대형(135㎡ 초과)","2018.10",111.1
"수도권","대형(135㎡ 초과)","2018.11",111.2
"수도권","대형(135㎡ 초과)","2018.12",110.3
"수도권","대형(135㎡ 초과)","2019.01",109.7
"수도권","대형(135㎡ 초과)","2019.02",109.3
"수도권","대형(135㎡ 초과)","2019.03",109.3
"수도권","대형(135㎡ 초과)","2019.04",110.2
"수도권","대형(135㎡ 초과)","2019.05",109.7
"수도권","대형(135㎡ 초과)","2019.06",111.2
"수도권","대형(135㎡ 초과)","2019.07",112.8
"수도권","대형(135㎡ 초과)","2019.08",113.7
"수도권","대형(135㎡ 초과)","2019.09",113.9
"수도권","대형(135㎡ 초과)","2019.10",115.5
"수도권","대형(135㎡ 초과)","2019.11",116.5
"수도권","대형(135㎡ 초과)","2019.12",117.7
"수도권","대형(135㎡ 초과)","2020.01",116.5
"수도권","대형(135㎡ 초과)","2020.02",118.1
"수도권","대형(135㎡ 초과)","2020.03",119.7
"수도권","대형(135㎡ 초과)","2020.04",119.6
"수도권","대형(135㎡ 초과)","2020.05",119.6
"수도권","대형(135㎡ 초과)","2020.06",123.7
"수도권","대형(135㎡ 초과)","2020.07",128.3
"수도권","대형(135㎡ 초과)","2020.08",130.2
"수도권","대형(135㎡ 초과)","2020.09",132.4
"수도권","대형(135㎡ 초과)","2020.10",134.8
"수도권","대형(135㎡ 초과)","2020.11",138.5
"수도권","대형(135㎡ 초과)","2020.12",142.7
"수도권","대형(135㎡ 초과)","2021.01",147.6
"수도권","대형(135㎡ 초과)","2021.02",151.8
"수도권","대형(135㎡ 초과)","2021.03",152.2
"수도권","대형(135㎡ 초과)","2021.04",154.2
"수도권","대형(135㎡ 초과)","2021.05",157.6
"수도권","대형(135㎡ 초과)","2021.06",162.9
"수도권","대형(135㎡ 초과)","2021.07",166.1
"수도권","대형(135㎡ 초과)","2021.08",170.5
"수도권","대형(135㎡ 초과)","2021.09",173.7
"수도권","대형(135㎡ 초과)","2021.10",175.5
"수도권","대형(135㎡ 초과)","2021.11",176.1
"수도권","대형(135㎡ 초과)","2021.12",174.9
"수도권","대형(135㎡ 초과)","2022.01",171.6
"수도권","대형(135㎡ 초과)","2022.02",174.2
"지방","초소형(40㎡ 이하)","2014.01",88.3
"지방","초소형(40㎡ 이하)","2014.02",88.7
"지방","초소형(40㎡ 이하)","2014.03",89.3
"지방","초소형(40㎡ 이하)","2014.04",89.2
"지방","초소형(40㎡ 이하)","2014.05",89.6
"지방","초소형(40㎡ 이하)","2014.06",90.0
"지방","초소형(40㎡ 이하)","2014.07",90.6
"지방","초소형(40㎡ 이하)","2014.08",90.8
"지방","초소형(40㎡ 이하)","2014.09",91.3
"지방","초소형(40㎡ 이하)","2014.10",92.1
"지방","초소형(40㎡ 이하)","2014.11",91.9
"지방","초소형(40㎡ 이하)","2014.12",92.8
"지방","초소형(40㎡ 이하)","2015.01",93.4
"지방","초소형(40㎡ 이하)","2015.02",93.8
"지방","초소형(40㎡ 이하)","2015.03",94.9
"지방","초소형(40㎡ 이하)","2015.04",96.0
"지방","초소형(40㎡ 이하)","2015.05",96.7
"지방","초소형(40㎡ 이하)","2015.06",96.8
"지방","초소형(40㎡ 이하)","2015.07",97.7
"지방","초소형(40㎡ 이하)","2015.08",98.7
"지방","초소형(40㎡ 이하)","2015.09",98.6
"지방","초소형(40㎡ 이하)","2015.10",98.6
"지방","초소형(40㎡ 이하)","2015.11",98.9
"지방","초소형(40㎡ 이하)","2015.12",98.2
"지방","초소형(40㎡ 이하)","2016.01",97.5
"지방","초소형(40㎡ 이하)","2016.02",98.6
"지방","초소형(40㎡ 이하)","2016.03",98.8
"지방","초소형(40㎡ 이하)","2016.04",99.0
"지방","초소형(40㎡ 이하)","2016.05",99.0
"지방","초소형(40㎡ 이하)","2016.06",98.5
"지방","초소형(40㎡ 이하)","2016.07",99.1
"지방","초소형(40㎡ 이하)","2016.08",99.5
"지방","초소형(40㎡ 이하)","2016.09",99.5
"지방","초소형(40㎡ 이하)","2016.10",99.7
"지방","초소형(40㎡ 이하)","2016.11",99.7
"지방","초소형(40㎡ 이하)","2016.12",99.2
"지방","초소형(40㎡ 이하)","2017.01",98.8
"지방","초소형(40㎡ 이하)","2017.02",99.8
"지방","초소형(40㎡ 이하)","2017.03",99.7
"지방","초소형(40㎡ 이하)","2017.04",99.5
"지방","초소형(40㎡ 이하)","2017.05",99.8
"지방","초소형(40㎡ 이하)","2017.06",100.1
"지방","초소형(40㎡ 이하)","2017.07",100.4
"지방","초소형(40㎡ 이하)","2017.08",100.2
"지방","초소형(40㎡ 이하)","2017.09",100.6
"지방","초소형(40㎡ 이하)","2017.10",100.5
"지방","초소형(40㎡ 이하)","2017.11",100.0
"지방","초소형(40㎡ 이하)","2017.12",99.1
"지방","초소형(40㎡ 이하)","2018.01",99.6
"지방","초소형(40㎡ 이하)","2018.02",99.4
"지방","초소형(40㎡ 이하)","2018.03",98.4
"지방","초소형(40㎡ 이하)","2018.04",98.2
"지방","초소형(40㎡ 이하)","2018.05",97.2
"지방","초소형(40㎡ 이하)","2018.06",96.5
"지방","초소형(40㎡ 이하)","2018.07",96.7
"지방","초소형(40㎡ 이하)","2018.08",95.6
"지방","초소형(40㎡ 이하)","2018.09",95.5
"지방","초소형(40㎡ 이하)","2018.10",95.0
"지방","초소형(40㎡ 이하)","2018.11",93.4
"지방","초소형(40㎡ 이하)","2018.12",92.0
"지방","초소형(40㎡ 이하)","2019.01",92.6
"지방","초소형(40㎡ 이하)","2019.02",92.4
"지방","초소형(40㎡ 이하)","2019.03",91.6
"지방","초소형(40㎡ 이하)","2019.04",91.5
"지방","초소형(40㎡ 이하)","2019.05",90.8
"지방","초소형(40㎡ 이하)","2019.06",90.2
"지방","초소형(40㎡ 이하)","2019.07",89.9
"지방","초소형(40㎡ 이하)","2019.08",89.2
"지방","초소형(40㎡ 이하)","2019.09",88.7
"지방","초소형(40㎡ 이하)","2019.10",88.9
"지방","초소형(40㎡ 이하)","2019.11",89.3
"지방","초소형(40㎡ 이하)","2019.12",88.8
"지방","초소형(40㎡ 이하)","2020.01",88.9
"지방","초소형(40㎡ 이하)","2020.02",89.3
"지방","초소형(40㎡ 이하)","2020.03",89.2
"지방","초소형(40㎡ 이하)","2020.04",88.4
"지방","초소형(40㎡ 이하)","2020.05",89.8
"지방","초소형(40㎡ 이하)","2020.06",91.5
"지방","초소형(40㎡ 이하)","2020.07",91.4
"지방","초소형(40㎡ 이하)","2020.08",91.0
"지방","초소형(40㎡ 이하)","2020.09",90.6
"지방","초소형(40㎡ 이하)","2020.10",91.2
"지방","초소형(40㎡ 이하)","2020.11",93.6
"지방","초소형(40㎡ 이하)","2020.12",96.6
"지방","초소형(40㎡ 이하)","2021.01",97.0
"지방","초소형(40㎡ 이하)","2021.02",97.8
"지방","초소형(40㎡ 이하)","2021.03",98.3
"지방","초소형(40㎡ 이하)","2021.04",99.0
"지방","초소형(40㎡ 이하)","2021.05",99.6
"지방","초소형(40㎡ 이하)","2021.06",100.5
"지방","초소형(40㎡ 이하)","2021.07",101.4
"지방","초소형(40㎡ 이하)","2021.08",103.1
"지방","초소형(40㎡ 이하)","2021.09",104.0
"지방","초소형(40㎡ 이하)","2021.10",105.2
"지방","초소형(40㎡ 이하)","2021.11",104.6
"지방","초소형(40㎡ 이하)","2021.12",104.5
"지방","초소형(40㎡ 이하)","2022.01",104.7
"지방","초소형(40㎡ 이하)","2022.02",105.2
"지방","소형(40㎡초과 60㎡이하)","2014.01",90.2
"지방","소형(40㎡초과 60㎡이하)","2014.02",90.7
"지방","소형(40㎡초과 60㎡이하)","2014.03",91.3
"지방","소형(40㎡초과 60㎡이하)","2014.04",91.4
"지방","소형(40㎡초과 60㎡이하)","2014.05",91.4
"지방","소형(40㎡초과 60㎡이하)","2014.06",91.5
"지방","소형(40㎡초과 60㎡이하)","2014.07",91.8
"지방","소형(40㎡초과 60㎡이하)","2014.08",92.6
"지방","소형(40㎡초과 60㎡이하)","2014.09",93.1
"지방","소형(40㎡초과 60㎡이하)","2014.10",93.7
"지방","소형(40㎡초과 60㎡이하)","2014.11",94.0
"지방","소형(40㎡초과 60㎡이하)","2014.12",94.3
"지방","소형(40㎡초과 60㎡이하)","2015.01",95.0
"지방","소형(40㎡초과 60㎡이하)","2015.02",95.7
"지방","소형(40㎡초과 60㎡이하)","2015.03",96.6
"지방","소형(40㎡초과 60㎡이하)","2015.04",97.3
"지방","소형(40㎡초과 60㎡이하)","2015.05",97.6
"지방","소형(40㎡초과 60㎡이하)","2015.06",98.1
"지방","소형(40㎡초과 60㎡이하)","2015.07",99.1
"지방","소형(40㎡초과 60㎡이하)","2015.08",99.7
"지방","소형(40㎡초과 60㎡이하)","2015.09",100.4
"지방","소형(40㎡초과 60㎡이하)","2015.10",100.9
"지방","소형(40㎡초과 60㎡이하)","2015.11",100.7
"지방","소형(40㎡초과 60㎡이하)","2015.12",100.0
"지방","소형(40㎡초과 60㎡이하)","2016.01",99.9
"지방","소형(40㎡초과 60㎡이하)","2016.02",99.8
"지방","소형(40㎡초과 60㎡이하)","2016.03",99.5
"지방","소형(40㎡초과 60㎡이하)","2016.04",99.4
"지방","소형(40㎡초과 60㎡이하)","2016.05",99.0
"지방","소형(40㎡초과 60㎡이하)","2016.06",99.1
"지방","소형(40㎡초과 60㎡이하)","2016.07",99.4
"지방","소형(40㎡초과 60㎡이하)","2016.08",99.9
"지방","소형(40㎡초과 60㎡이하)","2016.09",100.7
"지방","소형(40㎡초과 60㎡이하)","2016.10",101.0
"지방","소형(40㎡초과 60㎡이하)","2016.11",101.4
"지방","소형(40㎡초과 60㎡이하)","2016.12",100.9
"지방","소형(40㎡초과 60㎡이하)","2017.01",100.7
"지방","소형(40㎡초과 60㎡이하)","2017.02",101.1
"지방","소형(40㎡초과 60㎡이하)","2017.03",101.0
"지방","소형(40㎡초과 60㎡이하)","2017.04",100.7
"지방","소형(40㎡초과 60㎡이하)","2017.05",100.7
"지방","소형(40㎡초과 60㎡이하)","2017.06",100.9
"지방","소형(40㎡초과 60㎡이하)","2017.07",101.0
"지방","소형(40㎡초과 60㎡이하)","2017.08",101.1
"지방","소형(40㎡초과 60㎡이하)","2017.09",101.0
"지방","소형(40㎡초과 60㎡이하)","2017.10",100.4
"지방","소형(40㎡초과 60㎡이하)","2017.11",100.0
"지방","소형(40㎡초과 60㎡이하)","2017.12",99.2
"지방","소형(40㎡초과 60㎡이하)","2018.01",98.9
"지방","소형(40㎡초과 60㎡이하)","2018.02",98.7
"지방","소형(40㎡초과 60㎡이하)","2018.03",98.2
"지방","소형(40㎡초과 60㎡이하)","2018.04",97.8
"지방","소형(40㎡초과 60㎡이하)","2018.05",96.9
"지방","소형(40㎡초과 60㎡이하)","2018.06",96.5
"지방","소형(40㎡초과 60㎡이하)","2018.07",95.7
"지방","소형(40㎡초과 60㎡이하)","2018.08",95.4
"지방","소형(40㎡초과 60㎡이하)","2018.09",95.4
"지방","소형(40㎡초과 60㎡이하)","2018.10",95.4
"지방","소형(40㎡초과 60㎡이하)","2018.11",94.6
"지방","소형(40㎡초과 60㎡이하)","2018.12",93.7
"지방","소형(40㎡초과 60㎡이하)","2019.01",93.2
"지방","소형(40㎡초과 60㎡이하)","2019.02",92.8
"지방","소형(40㎡초과 60㎡이하)","2019.03",92.1
"지방","소형(40㎡초과 60㎡이하)","2019.04",91.4
"지방","소형(40㎡초과 60㎡이하)","2019.05",90.9
"지방","소형(40㎡초과 60㎡이하)","2019.06",90.5
"지방","소형(40㎡초과 60㎡이하)","2019.07",90.4
"지방","소형(40㎡초과 60㎡이하)","2019.08",90.2
"지방","소형(40㎡초과 60㎡이하)","2019.09",90.2
"지방","소형(40㎡초과 60㎡이하)","2019.10",90.1
"지방","소형(40㎡초과 60㎡이하)","2019.11",90.2
"지방","소형(40㎡초과 60㎡이하)","2019.12",90.7
"지방","소형(40㎡초과 60㎡이하)","2020.01",90.8
"지방","소형(40㎡초과 60㎡이하)","2020.02",91.5
"지방","소형(40㎡초과 60㎡이하)","2020.03",91.4
"지방","소형(40㎡초과 60㎡이하)","2020.04",91.3
"지방","소형(40㎡초과 60㎡이하)","2020.05",91.8
"지방","소형(40㎡초과 60㎡이하)","2020.06",92.8
"지방","소형(40㎡초과 60㎡이하)","2020.07",93.4
"지방","소형(40㎡초과 60㎡이하)","2020.08",93.6
"지방","소형(40㎡초과 60㎡이하)","2020.09",93.7
"지방","소형(40㎡초과 60㎡이하)","2020.10",94.4
"지방","소형(40㎡초과 60㎡이하)","2020.11",96.6
"지방","소형(40㎡초과 60㎡이하)","2020.12",98.9
"지방","소형(40㎡초과 60㎡이하)","2021.01",100.3
"지방","소형(40㎡초과 60㎡이하)","2021.02",101.6
"지방","소형(40㎡초과 60㎡이하)","2021.03",102.2
"지방","소형(40㎡초과 60㎡이하)","2021.04",102.8
"지방","소형(40㎡초과 60㎡이하)","2021.05",103.6
"지방","소형(40㎡초과 60㎡이하)","2021.06",104.9
"지방","소형(40㎡초과 60㎡이하)","2021.07",106.3
"지방","소형(40㎡초과 60㎡이하)","2021.08",108.0
"지방","소형(40㎡초과 60㎡이하)","2021.09",110.3
"지방","소형(40㎡초과 60㎡이하)","2021.10",111.8
"지방","소형(40㎡초과 60㎡이하)","2021.11",112.0
"지방","소형(40㎡초과 60㎡이하)","2021.12",111.8
"지방","소형(40㎡초과 60㎡이하)","2022.01",112.3
"지방","소형(40㎡초과 60㎡이하)","2022.02",112.7
"지방","중소형(60㎡초과 85㎡이하)","2014.01",90.5
"지방","중소형(60㎡초과 85㎡이하)","2014.02",90.8
"지방","중소형(60㎡초과 85㎡이하)","2014.03",91.3
"지방","중소형(60㎡초과 85㎡이하)","2014.04",91.5
"지방","중소형(60㎡초과 85㎡이하)","2014.05",91.5
"지방","중소형(60㎡초과 85㎡이하)","2014.06",91.7
"지방","중소형(60㎡초과 85㎡이하)","2014.07",91.9
"지방","중소형(60㎡초과 85㎡이하)","2014.08",92.5
"지방","중소형(60㎡초과 85㎡이하)","2014.09",93.2
"지방","중소형(60㎡초과 85㎡이하)","2014.10",93.7
"지방","중소형(60㎡초과 85㎡이하)","2014.11",94.2
"지방","중소형(60㎡초과 85㎡이하)","2014.12",94.5
"지방","중소형(60㎡초과 85㎡이하)","2015.01",95.0
"지방","중소형(60㎡초과 85㎡이하)","2015.02",96.0
"지방","중소형(60㎡초과 85㎡이하)","2015.03",96.7
"지방","중소형(60㎡초과 85㎡이하)","2015.04",97.3
"지방","중소형(60㎡초과 85㎡이하)","2015.05",97.9
"지방","중소형(60㎡초과 85㎡이하)","2015.06",98.5
"지방","중소형(60㎡초과 85㎡이하)","2015.07",99.4
"지방","중소형(60㎡초과 85㎡이하)","2015.08",100.0
"지방","중소형(60㎡초과 85㎡이하)","2015.09",100.7
"지방","중소형(60㎡초과 85㎡이하)","2015.10",101.0
"지방","중소형(60㎡초과 85㎡이하)","2015.11",100.8
"지방","중소형(60㎡초과 85㎡이하)","2015.12",100.3
"지방","중소형(60㎡초과 85㎡이하)","2016.01",99.9
"지방","중소형(60㎡초과 85㎡이하)","2016.02",100.3
"지방","중소형(60㎡초과 85㎡이하)","2016.03",99.8
"지방","중소형(60㎡초과 85㎡이하)","2016.04",99.6
"지방","중소형(60㎡초과 85㎡이하)","2016.05",99.3
"지방","중소형(60㎡초과 85㎡이하)","2016.06",99.3
"지방","중소형(60㎡초과 85㎡이하)","2016.07",99.5
"지방","중소형(60㎡초과 85㎡이하)","2016.08",99.9
"지방","중소형(60㎡초과 85㎡이하)","2016.09",100.7
"지방","중소형(60㎡초과 85㎡이하)","2016.10",101.1
"지방","중소형(60㎡초과 85㎡이하)","2016.11",101.1
"지방","중소형(60㎡초과 85㎡이하)","2016.12",101.1
"지방","중소형(60㎡초과 85㎡이하)","2017.01",100.6
"지방","중소형(60㎡초과 85㎡이하)","2017.02",100.7
"지방","중소형(60㎡초과 85㎡이하)","2017.03",100.7
"지방","중소형(60㎡초과 85㎡이하)","2017.04",100.3
"지방","중소형(60㎡초과 85㎡이하)","2017.05",100.3
"지방","중소형(60㎡초과 85㎡이하)","2017.06",100.2
"지방","중소형(60㎡초과 85㎡이하)","2017.07",100.5
"지방","중소형(60㎡초과 85㎡이하)","2017.08",100.5
"지방","중소형(60㎡초과 85㎡이하)","2017.09",100.6
"지방","중소형(60㎡초과 85㎡이하)","2017.10",100.4
"지방","중소형(60㎡초과 85㎡이하)","2017.11",100.0
"지방","중소형(60㎡초과 85㎡이하)","2017.12",99.5
"지방","중소형(60㎡초과 85㎡이하)","2018.01",99.0
"지방","중소형(60㎡초과 85㎡이하)","2018.02",98.9
"지방","중소형(60㎡초과 85㎡이하)","2018.03",98.4
"지방","중소형(60㎡초과 85㎡이하)","2018.04",98.0
"지방","중소형(60㎡초과 85㎡이하)","2018.05",97.5
"지방","중소형(60㎡초과 85㎡이하)","2018.06",97.1
"지방","중소형(60㎡초과 85㎡이하)","2018.07",96.4
"지방","중소형(60㎡초과 85㎡이하)","2018.08",96.3
"지방","중소형(60㎡초과 85㎡이하)","2018.09",96.5
"지방","중소형(60㎡초과 85㎡이하)","2018.10",96.2
"지방","중소형(60㎡초과 85㎡이하)","2018.11",95.7
"지방","중소형(60㎡초과 85㎡이하)","2018.12",94.9
"지방","중소형(60㎡초과 85㎡이하)","2019.01",94.4
"지방","중소형(60㎡초과 85㎡이하)","2019.02",94.1
"지방","중소형(60㎡초과 85㎡이하)","2019.03",93.6
"지방","중소형(60㎡초과 85㎡이하)","2019.04",93.0
"지방","중소형(60㎡초과 85㎡이하)","2019.05",92.7
"지방","중소형(60㎡초과 85㎡이하)","2019.06",92.3
"지방","중소형(60㎡초과 85㎡이하)","2019.07",92.2
"지방","중소형(60㎡초과 85㎡이하)","2019.08",92.2
"지방","중소형(60㎡초과 85㎡이하)","2019.09",92.3
"지방","중소형(60㎡초과 85㎡이하)","2019.10",92.1
"지방","중소형(60㎡초과 85㎡이하)","2019.11",92.7
"지방","중소형(60㎡초과 85㎡이하)","2019.12",93.2
"지방","중소형(60㎡초과 85㎡이하)","2020.01",93.6
"지방","중소형(60㎡초과 85㎡이하)","2020.02",94.2
"지방","중소형(60㎡초과 85㎡이하)","2020.03",94.1
"지방","중소형(60㎡초과 85㎡이하)","2020.04",93.9
"지방","중소형(60㎡초과 85㎡이하)","2020.05",94.5
"지방","중소형(60㎡초과 85㎡이하)","2020.06",95.3
"지방","중소형(60㎡초과 85㎡이하)","2020.07",96.3
"지방","중소형(60㎡초과 85㎡이하)","2020.08",97.0
"지방","중소형(60㎡초과 85㎡이하)","2020.09",97.1
"지방","중소형(60㎡초과 85㎡이하)","2020.10",98.0
"지방","중소형(60㎡초과 85㎡이하)","2020.11",100.6
"지방","중소형(60㎡초과 85㎡이하)","2020.12",103.1
"지방","중소형(60㎡초과 85㎡이하)","2021.01",104.8
"지방","중소형(60㎡초과 85㎡이하)","2021.02",105.9
"지방","중소형(60㎡초과 85㎡이하)","2021.03",107.1
"지방","중소형(60㎡초과 85㎡이하)","2021.04",107.7
"지방","중소형(60㎡초과 85㎡이하)","2021.05",108.6
"지방","중소형(60㎡초과 85㎡이하)","2021.06",110.0
"지방","중소형(60㎡초과 85㎡이하)","2021.07",111.3
"지방","중소형(60㎡초과 85㎡이하)","2021.08",113.1
"지방","중소형(60㎡초과 85㎡이하)","2021.09",114.8
"지방","중소형(60㎡초과 85㎡이하)","2021.10",116.1
"지방","중소형(60㎡초과 85㎡이하)","2021.11",116.2
"지방","중소형(60㎡초과 85㎡이하)","2021.12",116.1
"지방","중소형(60㎡초과 85㎡이하)","2022.01",115.8
"지방","중소형(60㎡초과 85㎡이하)","2022.02",115.9
"지방","중대형(85㎡초과 135㎡이하)","2014.01",89.0
"지방","중대형(85㎡초과 135㎡이하)","2014.02",89.5
"지방","중대형(85㎡초과 135㎡이하)","2014.03",89.8
"지방","중대형(85㎡초과 135㎡이하)","2014.04",90.1
"지방","중대형(85㎡초과 135㎡이하)","2014.05",90.2
"지방","중대형(85㎡초과 135㎡이하)","2014.06",90.1
"지방","중대형(85㎡초과 135㎡이하)","2014.07",90.4
"지방","중대형(85㎡초과 135㎡이하)","2014.08",91.4
"지방","중대형(85㎡초과 135㎡이하)","2014.09",91.6
"지방","중대형(85㎡초과 135㎡이하)","2014.10",92.6
"지방","중대형(85㎡초과 135㎡이하)","2014.11",93.2
"지방","중대형(85㎡초과 135㎡이하)","2014.12",93.2
"지방","중대형(85㎡초과 135㎡이하)","2015.01",94.0
"지방","중대형(85㎡초과 135㎡이하)","2015.02",94.6
"지방","중대형(85㎡초과 135㎡이하)","2015.03",95.3
"지방","중대형(85㎡초과 135㎡이하)","2015.04",95.8
"지방","중대형(85㎡초과 135㎡이하)","2015.05",96.6
"지방","중대형(85㎡초과 135㎡이하)","2015.06",97.0
"지방","중대형(85㎡초과 135㎡이하)","2015.07",98.2
"지방","중대형(85㎡초과 135㎡이하)","2015.08",98.3
"지방","중대형(85㎡초과 135㎡이하)","2015.09",99.1
"지방","중대형(85㎡초과 135㎡이하)","2015.10",99.3
"지방","중대형(85㎡초과 135㎡이하)","2015.11",99.6
"지방","중대형(85㎡초과 135㎡이하)","2015.12",99.0
"지방","중대형(85㎡초과 135㎡이하)","2016.01",98.6
"지방","중대형(85㎡초과 135㎡이하)","2016.02",99.0
"지방","중대형(85㎡초과 135㎡이하)","2016.03",98.6
"지방","중대형(85㎡초과 135㎡이하)","2016.04",98.4
"지방","중대형(85㎡초과 135㎡이하)","2016.05",97.9
"지방","중대형(85㎡초과 135㎡이하)","2016.06",98.3
"지방","중대형(85㎡초과 135㎡이하)","2016.07",98.2
"지방","중대형(85㎡초과 135㎡이하)","2016.08",98.4
"지방","중대형(85㎡초과 135㎡이하)","2016.09",99.1
"지방","중대형(85㎡초과 135㎡이하)","2016.10",99.8
"지방","중대형(85㎡초과 135㎡이하)","2016.11",100.0
"지방","중대형(85㎡초과 135㎡이하)","2016.12",99.9
"지방","중대형(85㎡초과 135㎡이하)","2017.01",100.0
"지방","중대형(85㎡초과 135㎡이하)","2017.02",100.2
"지방","중대형(85㎡초과 135㎡이하)","2017.03",100.2
"지방","중대형(85㎡초과 135㎡이하)","2017.04",100.1
"지방","중대형(85㎡초과 135㎡이하)","2017.05",99.9
"지방","중대형(85㎡초과 135㎡이하)","2017.06",99.9
"지방","중대형(85㎡초과 135㎡이하)","2017.07",100.1
"지방","중대형(85㎡초과 135㎡이하)","2017.08",100.4
"지방","중대형(85㎡초과 135㎡이하)","2017.09",100.1
"지방","중대형(85㎡초과 135㎡이하)","2017.10",100.5
"지방","중대형(85㎡초과 135㎡이하)","2017.11",100.0
"지방","중대형(85㎡초과 135㎡이하)","2017.12",99.3
"지방","중대형(85㎡초과 135㎡이하)","2018.01",99.2
"지방","중대형(85㎡초과 135㎡이하)","2018.02",99.1
"지방","중대형(85㎡초과 135㎡이하)","2018.03",98.9
"지방","중대형(85㎡초과 135㎡이하)","2018.04",98.8
"지방","중대형(85㎡초과 135㎡이하)","2018.05",98.1
"지방","중대형(85㎡초과 135㎡이하)","2018.06",98.1
"지방","중대형(85㎡초과 135㎡이하)","2018.07",97.7
"지방","중대형(85㎡초과 135㎡이하)","2018.08",98.3
"지방","중대형(85㎡초과 135㎡이하)","2018.09",98.2
"지방","중대형(85㎡초과 135㎡이하)","2018.10",98.3
"지방","중대형(85㎡초과 135㎡이하)","2018.11",97.9
"지방","중대형(85㎡초과 135㎡이하)","2018.12",97.4
"지방","중대형(85㎡초과 135㎡이하)","2019.01",96.9
"지방","중대형(85㎡초과 135㎡이하)","2019.02",96.7
"지방","중대형(85㎡초과 135㎡이하)","2019.03",96.1
"지방","중대형(85㎡초과 135㎡이하)","2019.04",95.5
"지방","중대형(85㎡초과 135㎡이하)","2019.05",95.3
"지방","중대형(85㎡초과 135㎡이하)","2019.06",95.6
"지방","중대형(85㎡초과 135㎡이하)","2019.07",95.1
"지방","중대형(85㎡초과 135㎡이하)","2019.08",95.3
"지방","중대형(85㎡초과 135㎡이하)","2019.09",95.3
"지방","중대형(85㎡초과 135㎡이하)","2019.10",95.7
"지방","중대형(85㎡초과 135㎡이하)","2019.11",96.7
"지방","중대형(85㎡초과 135㎡이하)","2019.12",97.7
"지방","중대형(85㎡초과 135㎡이하)","2020.01",98.2
"지방","중대형(85㎡초과 135㎡이하)","2020.02",99.0
"지방","중대형(85㎡초과 135㎡이하)","2020.03",98.9
"지방","중대형(85㎡초과 135㎡이하)","2020.04",99.4
"지방","중대형(85㎡초과 135㎡이하)","2020.05",100.1
"지방","중대형(85㎡초과 135㎡이하)","2020.06",101.4
"지방","중대형(85㎡초과 135㎡이하)","2020.07",102.6
"지방","중대형(85㎡초과 135㎡이하)","2020.08",103.9
"지방","중대형(85㎡초과 135㎡이하)","2020.09",104.6
"지방","중대형(85㎡초과 135㎡이하)","2020.10",106.4
"지방","중대형(85㎡초과 135㎡이하)","2020.11",109.5
"지방","중대형(85㎡초과 135㎡이하)","2020.12",113.0
"지방","중대형(85㎡초과 135㎡이하)","2021.01",115.8
"지방","중대형(85㎡초과 135㎡이하)","2021.02",117.0
"지방","중대형(85㎡초과 135㎡이하)","2021.03",118.8
"지방","중대형(85㎡초과 135㎡이하)","2021.04",120.0
"지방","중대형(85㎡초과 135㎡이하)","2021.05",121.5
"지방","중대형(85㎡초과 135㎡이하)","2021.06",123.4
"지방","중대형(85㎡초과 135㎡이하)","2021.07",124.9
"지방","중대형(85㎡초과 135㎡이하)","2021.08",127.3
"지방","중대형(85㎡초과 135㎡이하)","2021.09",128.6
"지방","중대형(85㎡초과 135㎡이하)","2021.10",130.9
"지방","중대형(85㎡초과 135㎡이하)","2021.11",130.8
"지방","중대형(85㎡초과 135㎡이하)","2021.12",130.2
"지방","중대형(85㎡초과 135㎡이하)","2022.01",129.0
"지방","중대형(85㎡초과 135㎡이하)","2022.02",129.9
"지방","대형(135㎡ 초과)","2014.01",86.2
"지방","대형(135㎡ 초과)","2014.02",86.5
"지방","대형(135㎡ 초과)","2014.03",86.9
"지방","대형(135㎡ 초과)","2014.04",86.7
"지방","대형(135㎡ 초과)","2014.05",87.5
"지방","대형(135㎡ 초과)","2014.06",87.4
"지방","대형(135㎡ 초과)","2014.07",87.8
"지방","대형(135㎡ 초과)","2014.08",88.0
"지방","대형(135㎡ 초과)","2014.09",89.3
"지방","대형(135㎡ 초과)","2014.10",89.3
"지방","대형(135㎡ 초과)","2014.11",89.7
"지방","대형(135㎡ 초과)","2014.12",89.7
"지방","대형(135㎡ 초과)","2015.01",90.3
"지방","대형(135㎡ 초과)","2015.02",91.0
"지방","대형(135㎡ 초과)","2015.03",92.0
"지방","대형(135㎡ 초과)","2015.04",92.4
"지방","대형(135㎡ 초과)","2015.05",93.3
"지방","대형(135㎡ 초과)","2015.06",93.8
"지방","대형(135㎡ 초과)","2015.07",94.7
"지방","대형(135㎡ 초과)","2015.08",95.4
"지방","대형(135㎡ 초과)","2015.09",96.4
"지방","대형(135㎡ 초과)","2015.10",96.0
"지방","대형(135㎡ 초과)","2015.11",96.2
"지방","대형(135㎡ 초과)","2015.12",95.7
"지방","대형(135㎡ 초과)","2016.01",95.9
"지방","대형(135㎡ 초과)","2016.02",95.7
"지방","대형(135㎡ 초과)","2016.03",96.2
"지방","대형(135㎡ 초과)","2016.04",96.1
"지방","대형(135㎡ 초과)","2016.05",95.6
"지방","대형(135㎡ 초과)","2016.06",96.4
"지방","대형(135㎡ 초과)","2016.07",96.7
"지방","대형(135㎡ 초과)","2016.08",97.6
"지방","대형(135㎡ 초과)","2016.09",98.2
"지방","대형(135㎡ 초과)","2016.10",99.2
"지방","대형(135㎡ 초과)","2016.11",99.4
"지방","대형(135㎡ 초과)","2016.12",98.5
"지방","대형(135㎡ 초과)","2017.01",99.0
"지방","대형(135㎡ 초과)","2017.02",99.0
"지방","대형(135㎡ 초과)","2017.03",99.5
"지방","대형(135㎡ 초과)","2017.04",99.5
"지방","대형(135㎡ 초과)","2017.05",99.8
"지방","대형(135㎡ 초과)","2017.06",100.1
"지방","대형(135㎡ 초과)","2017.07",99.7
"지방","대형(135㎡ 초과)","2017.08",100.2
"지방","대형(135㎡ 초과)","2017.09",101.0
"지방","대형(135㎡ 초과)","2017.10",100.5
"지방","대형(135㎡ 초과)","2017.11",100.0
"지방","대형(135㎡ 초과)","2017.12",100.5
"지방","대형(135㎡ 초과)","2018.01",99.9
"지방","대형(135㎡ 초과)","2018.02",100.4
"지방","대형(135㎡ 초과)","2018.03",100.6
"지방","대형(135㎡ 초과)","2018.04",100.5
"지방","대형(135㎡ 초과)","2018.05",100.5
"지방","대형(135㎡ 초과)","2018.06",100.2
"지방","대형(135㎡ 초과)","2018.07",99.7
"지방","대형(135㎡ 초과)","2018.08",101.0
"지방","대형(135㎡ 초과)","2018.09",101.5
"지방","대형(135㎡ 초과)","2018.10",101.3
"지방","대형(135㎡ 초과)","2018.11",100.8
"지방","대형(135㎡ 초과)","2018.12",100.1
"지방","대형(135㎡ 초과)","2019.01",99.7
"지방","대형(135㎡ 초과)","2019.02",100.3
"지방","대형(135㎡ 초과)","2019.03",98.8
"지방","대형(135㎡ 초과)","2019.04",100.1
"지방","대형(135㎡ 초과)","2019.05",99.5
"지방","대형(135㎡ 초과)","2019.06",99.7
"지방","대형(135㎡ 초과)","2019.07",99.5
"지방","대형(135㎡ 초과)","2019.08",99.2
"지방","대형(135㎡ 초과)","2019.09",98.6
"지방","대형(135㎡ 초과)","2019.10",100.1
"지방","대형(135㎡ 초과)","2019.11",101.0
"지방","대형(135㎡ 초과)","2019.12",101.9
"지방","대형(135㎡ 초과)","2020.01",103.5
"지방","대형(135㎡ 초과)","2020.02",103.5
"지방","대형(135㎡ 초과)","2020.03",102.8
"지방","대형(135㎡ 초과)","2020.04",103.9
"지방","대형(135㎡ 초과)","2020.05",103.4
"지방","대형(135㎡ 초과)","2020.06",105.0
"지방","대형(135㎡ 초과)","2020.07",106.4
"지방","대형(135㎡ 초과)","2020.08",107.4
"지방","대형(135㎡ 초과)","2020.09",109.5
"지방","대형(135㎡ 초과)","2020.10",111.9
"지방","대형(135㎡ 초과)","2020.11",116.1
"지방","대형(135㎡ 초과)","2020.12",118.9
"지방","대형(135㎡ 초과)","2021.01",121.4
"지방","대형(135㎡ 초과)","2021.02",123.4
"지방","대형(135㎡ 초과)","2021.03",125.2
"지방","대형(135㎡ 초과)","2021.04",128.0
"지방","대형(135㎡ 초과)","2021.05",128.1
"지방","대형(135㎡ 초과)","2021.06",130.9
"지방","대형(135㎡ 초과)","2021.07",133.4
"지방","대형(135㎡ 초과)","2021.08",135.6
"지방","대형(135㎡ 초과)","2021.09",135.4
"지방","대형(135㎡ 초과)","2021.10",137.4
"지방","대형(135㎡ 초과)","2021.11",136.6
"지방","대형(135㎡ 초과)","2021.12",136.2
"지방","대형(135㎡ 초과)","2022.01",138.8
"지방","대형(135㎡ 초과)","2022.02",136.9
